class,wrapper_file,native_name,token_dec,method,access,is_static,system
fclCombineAct,fclCombineAct.cs,cmpSetModelMotion_Public_Static_Void_cmbModelPack_t_0,100667385,cmpSetModelMotion,Public,True,facility_combine
fclCombineAct,fclCombineAct.cs,cmbActDammy_Internal_Static_Void_0,100667386,cmbActDammy,Internal,True,facility_combine
fclCombineAct,fclCombineAct.cs,cmbActUpdateMask_Internal_Static_Void_0,100667387,cmbActUpdateMask,Internal,True,facility_combine
fclCombineAct,fclCombineAct.cs,cmbActHideIkenie_Internal_Static_Void_0,100667388,cmbActHideIkenie,Internal,True,facility_combine
fclCombineAct,fclCombineAct.cs,cmbActHideZairyou_Internal_Static_Void_0,100667389,cmbActHideZairyou,Internal,True,facility_combine
fclCombineAct,fclCombineAct.cs,cmbActIkenieBadStart_Internal_Static_Void_0,100667390,cmbActIkenieBadStart,Internal,True,facility_combine
fclCombineAct,fclCombineAct.cs,cmbActIkenieBadStop_Internal_Static_Void_0,100667391,cmbActIkenieBadStop,Internal,True,facility_combine
fclCombineAct,fclCombineAct.cs,cmbActGetEffEraseSpd_Public_Static_Single_UInt16_0,100667392,cmbActGetEffEraseSpd,Public,True,facility_combine
fclCombineAct,fclCombineAct.cs,cmbActGetEffOfsPos_Public_Static_Single_UInt16_0,100667393,cmbActGetEffOfsPos,Public,True,facility_combine
fclCombineAct,fclCombineAct.cs,cmbActGetEffRadius_Public_Static_Single_UInt16_0,100667394,cmbActGetEffRadius,Public,True,facility_combine
fclCombineAct,fclCombineAct.cs,cmbActGetEffNums_Public_Static_Int32_UInt16_0,100667395,cmbActGetEffNums,Public,True,facility_combine
fclCombineAct,fclCombineAct.cs,cmbActLoadPB_Internal_Static_sdfMemHandle_t_UInt16_Int32_0,100667396,cmbActLoadPB,Internal,True,facility_combine
fclCombineAct,fclCombineAct.cs,cmbInitModelPack_Public_Static_Void_Int32_cmbModelPack_t_0,100667397,cmbInitModelPack,Public,True,facility_combine
fclCombineAct,fclCombineAct.cs,_MDC_Public_Static_Int32_Int32_0,100667398,_MDC,Public,True,facility_combine
fclCombineAct,fclCombineAct.cs,cmbLoadModelPack_Public_Static_Void_Int32_cmbModelPack_t_0,100667399,cmbLoadModelPack,Public,True,facility_combine
fclCombineAct,fclCombineAct.cs,model_loaded_Internal_Static_Boolean_0,100667400,model_loaded,Internal,True,facility_combine
fclCombineAct,fclCombineAct.cs,CombineAct_ModelLoadEffectForUnity_Private_Static_Void_dds3ModelHandle_t_GameObject_Int32_Int32_0,100667401,CombineAct_ModelLoadEffectForUnity,Private,True,facility_combine
fclCombineAct,fclCombineAct.cs,CombineAct_ModelFreeEffectForUnity_Private_Static_Void_dds3ModelHandle_t_0,100667402,CombineAct_ModelFreeEffectForUnity,Private,True,facility_combine
fclCombineAct,fclCombineAct.cs,cmbFreeModelPack_Public_Static_Int32_cmbModelPack_t_0,100667403,cmbFreeModelPack,Public,True,facility_combine
fclCombineAct,fclCombineAct.cs,cmbGetModelHandleFromPack_Public_Static_dds3ModelHandle_t_cmbModelPack_t_0,100667404,cmbGetModelHandleFromPack,Public,True,facility_combine
fclCombineAct,fclCombineAct.cs,cmbSetPackModel_Public_Static_dds3ModelHandle_t_cmbModelPack_t_Boolean_0,100667405,cmbSetPackModel,Public,True,facility_combine
fclCombineAct,fclCombineAct.cs,cmbSetPackModelShow_Public_Static_dds3ModelHandle_t_cmbModelPack_t_0,100667406,cmbSetPackModelShow,Public,True,facility_combine
fclCombineAct,fclCombineAct.cs,cmbHidePackModel_Public_Static_dds3ModelHandle_t_cmbModelPack_t_0,100667407,cmbHidePackModel,Public,True,facility_combine
fclCombineAct,fclCombineAct.cs,cmbSetActEffDrawOff_Internal_Static_Void_Byte_0,100667408,cmbSetActEffDrawOff,Internal,True,facility_combine
fclCombineAct,fclCombineAct.cs,cmbSetActEff_Internal_Static_Void_Byte_Single_Single_Vector4_0,100667409,cmbSetActEff,Internal,True,facility_combine
fclCombineAct,fclCombineAct.cs,cmbGetModelPosition_Internal_Static_SByte_String_byref_Vector4_0,100667410,cmbGetModelPosition,Internal,True,facility_combine
fclCombineAct,fclCombineAct.cs,cmbCreateActMaskPosData_Internal_Static_Void_Il2CppStructArray_1_Vector4_Il2CppStructArray_1_Single_Il2CppStructArray_1_Int32_0,100667411,cmbCreateActMaskPosData,Internal,True,facility_combine
fclCombineAct,fclCombineAct.cs,cmbDrawActEff_Internal_Static_Void_Il2CppStructArray_1_Vector4_Il2CppStructArray_1_Single_Single_Il2CppStructArray_1_Int32_Int32_0,100667412,cmbDrawActEff,Internal,True,facility_combine
fclCombineAct,fclCombineAct.cs,cmbDrawZairyou_Internal_Static_Void_Int32_Single_Int32_0,100667413,cmbDrawZairyou,Internal,True,facility_combine
fclCombineAct,fclCombineAct.cs,cmbDrawTanjyou_Public_Static_Void_0,100667414,cmbDrawTanjyou,Public,True,facility_combine
fclCombineAct,fclCombineAct.cs,cmbDrawAction_Public_Static_Void_0,100667415,cmbDrawAction,Public,True,facility_combine
fclCombineAct,fclCombineAct.cs,cmbGetStatTarget_Public_Static_datUnitWork_t_0,100667416,cmbGetStatTarget,Public,True,facility_combine
fclCombineAct,fclCombineAct.cs,cmbActTimeTableControl_Internal_Static_Void_0,100667417,cmbActTimeTableControl,Internal,True,facility_combine
fclCombineAct,fclCombineAct.cs,cmbInitActEff_Internal_Static_Void_byref_effEVECombParSmoke_t_UInt16_0,100667418,cmbInitActEff,Internal,True,facility_combine
fclCombineAct,fclCombineAct.cs,cmbInitActionForScr_Internal_Static_Void_0,100667419,cmbInitActionForScr,Internal,True,facility_combine
fclCombineAct,fclCombineAct.cs,cmpActionSE_Public_Static_Void_Int32_Int32_0,100667420,cmpActionSE,Public,True,facility_combine
fclCombineAct,fclCombineAct.cs,cmbActionBGM_Public_Static_Void_Int32_0,100667421,cmbActionBGM,Public,True,facility_combine
fclCombineAct,fclCombineAct.cs,cmbInitAction_Public_Static_Void_0,100667422,cmbInitAction,Public,True,facility_combine
fclCombineAct,fclCombineAct.cs,cmbActDisableZairyou_Internal_Static_Void_0,100667423,cmbActDisableZairyou,Internal,True,facility_combine
fclCombineAct,fclCombineAct.cs,cmbChkActScript_Public_Static_SByte_0,100667424,cmbChkActScript,Public,True,facility_combine
fclCombineAct,fclCombineAct.cs,cmbChkPolygonMovie_Public_Static_SByte_0,100667425,cmbChkPolygonMovie,Public,True,facility_combine
fclCombineAct,fclCombineAct.cs,cmbUpdateAction_Public_Static_Void_0,100667426,cmbUpdateAction,Public,True,facility_combine
fclCombineAct,fclCombineAct.cs,IsMovieSkip_Public_Static_Boolean_0,100667427,IsMovieSkip,Public,True,facility_combine
fclCombineAct,fclCombineAct.cs,GetLight_Public_Static_Void_byref_Single_byref_Single_byref_Single_byref_Single_byref_Single_byref_Single_byref_Single_byref_Single_byref_Single_byref_Single_Single_Single_Single_0,100667428,GetLight,Public,True,facility_combine
fclCombineAct,fclCombineAct.cs,SetLight_From_evtCommand_Public_Static_Void_String_0,100667429,SetLight_From_evtCommand,Public,True,facility_combine
fclCombineAct,fclCombineAct.cs,_ctor_Public_Void_Object_IntPtr_0,100667431,_ctor,Public,False,facility_combine
fclCombineAct,fclCombineAct.cs,Invoke_Public_Virtual_New_Void_0,100667432,Invoke,Public,False,facility_combine
fclCombineAct,fclCombineAct.cs,BeginInvoke_Public_Virtual_New_IAsyncResult_AsyncCallback_Object_0,100667433,BeginInvoke,Public,False,facility_combine
fclCombineAct,fclCombineAct.cs,EndInvoke_Public_Virtual_New_Void_IAsyncResult_0,100667434,EndInvoke,Public,False,facility_combine
fclCombineAct,fclCombineAct.cs,_ctor_Public_Void_0,100667435,_ctor,Public,False,facility_combine
fclCombineAct,fclCombineAct.cs,_ctor_Public_Void_0,100667436,_ctor,Public,False,facility_combine
fclCombineCalc,fclCombineCalc.cs,cmbModelLoad_Internal_Static_Void_0,100667437,cmbModelLoad,Internal,True,facility_combine
fclCombineCalc,fclCombineCalc.cs,cmbChkCurse_Internal_Static_SByte_0,100667438,cmbChkCurse,Internal,True,facility_combine
fclCombineCalc,fclCombineCalc.cs,cmbInitCombineResultTable_Internal_Static_Void_Int32_0,100667439,cmbInitCombineResultTable,Internal,True,facility_combine
fclCombineCalc,fclCombineCalc.cs,cmbCreateCombineResultTable_Internal_Static_Void_SByte_0,100667440,cmbCreateCombineResultTable,Internal,True,facility_combine
fclCombineCalc,fclCombineCalc.cs,cmbCreateLocalStock_Internal_Static_Void_0,100667441,cmbCreateLocalStock,Internal,True,facility_combine
fclCombineCalc,fclCombineCalc.cs,cmbCalcRoot_Internal_Static_SByte_0,100667442,cmbCalcRoot,Internal,True,facility_combine
fclCombineCalc,fclCombineCalc.cs,cmbCalcDevSel1st_Public_Static_Void_0,100667443,cmbCalcDevSel1st,Public,True,facility_combine
fclCombineCalc,fclCombineCalc.cs,cmbCalcDevSel2nd_Public_Static_Void_0,100667444,cmbCalcDevSel2nd,Public,True,facility_combine
fclCombineCalc,fclCombineCalc.cs,cmbCalcDevSelSac_Public_Static_Void_0,100667445,cmbCalcDevSelSac,Public,True,facility_combine
fclCombineCalc,fclCombineCalc.cs,cmbInitRibbon_Internal_Static_Void_Int32_0,100667446,cmbInitRibbon,Internal,True,facility_combine
fclCombineCalc,fclCombineCalc.cs,cmbCalcBirthDevil_Public_Static_SByte_0,100667447,cmbCalcBirthDevil,Public,True,facility_combine
fclCombineCalc,fclCombineCalc.cs,cmbCalcBirthDevil2_Public_Static_Void_0,100667448,cmbCalcBirthDevil2,Public,True,facility_combine
fclCombineCalc,fclCombineCalc.cs,cmbAddBirthDevilToStock_Public_Static_Void_Il2CppReferenceArray_1_datUnitWork_t_Int32_Byte_0,100667449,cmbAddBirthDevilToStock,Public,True,facility_combine
fclCombineCalc,fclCombineCalc.cs,cmbCalcError_Internal_Static_Void_0,100667450,cmbCalcError,Internal,True,facility_combine
fclCombineCalc,fclCombineCalc.cs,cmbCalcIntroduce_Internal_Static_SByte_0,100667451,cmbCalcIntroduce,Internal,True,facility_combine
fclCombineCalc,fclCombineCalc.cs,cmbCalcZensyo_Internal_Static_Int32_0,100667452,cmbCalcZensyo,Internal,True,facility_combine
fclCombineCalc,fclCombineCalc.cs,cmbCalcStatus_Internal_Static_Void_0,100667453,cmbCalcStatus,Internal,True,facility_combine
fclCombineCalc,fclCombineCalc.cs,cmbCalcModelLoad_Internal_Static_Void_0,100667454,cmbCalcModelLoad,Internal,True,facility_combine
fclCombineCalc,fclCombineCalc.cs,cmbCalcSequence_Public_Static_dds3ProcessFunc_t_dds3ProcessID_t_0,100667455,cmbCalcSequence,Public,True,facility_combine
fclCombineCalc,fclCombineCalc.cs,_ctor_Public_Void_0,100667456,_ctor,Public,False,facility_combine
fclCombineCalcCore,fclCombineCalcCore.cs,cmbChkEventDevil_Internal_Static_SByte_UInt16_0,100667457,cmbChkEventDevil,Internal,True,facility_combine
fclCombineCalcCore,fclCombineCalcCore.cs,cmbGetPowerUpTableIndex_Internal_Static_SByte_UInt16_0,100667458,cmbGetPowerUpTableIndex,Internal,True,facility_combine
fclCombineCalcCore,fclCombineCalcCore.cs,cmbCalcParamUpVal_Internal_Static_Int32_Int32_Int32_Int32_Byte_0,100667459,cmbCalcParamUpVal,Internal,True,facility_combine
fclCombineCalcCore,fclCombineCalcCore.cs,cmbCalcParamPowerUp_Internal_Static_SByte_UInt16_datUnitWork_t_0,100667460,cmbCalcParamPowerUp,Internal,True,facility_combine
fclCombineCalcCore,fclCombineCalcCore.cs,cmbChkIkenieExtPattern_Internal_Static_SByte_UInt16_UInt16_UInt16_0,100667461,cmbChkIkenieExtPattern,Internal,True,facility_combine
fclCombineCalcCore,fclCombineCalcCore.cs,cmbChkMetato_Internal_Static_Int32_UInt16_UInt16_UInt16_0,100667462,cmbChkMetato,Internal,True,facility_combine
fclCombineCalcCore,fclCombineCalcCore.cs,cmbChkIkenieExtPatternDevRace_Internal_Static_UInt16_UInt16_UInt16_UInt16_0,100667463,cmbChkIkenieExtPatternDevRace,Internal,True,facility_combine
fclCombineCalcCore,fclCombineCalcCore.cs,cmbChkIkenieExtPatternDev_Internal_Static_UInt16_datUnitWork_t_datUnitWork_t_datUnitWork_t_SByte_SByte_0,100667464,cmbChkIkenieExtPatternDev,Internal,True,facility_combine
fclCombineCalcCore,fclCombineCalcCore.cs,cmbChkIkenieExtPatternBirthDevil_Internal_Static_SByte_UInt16_0,100667465,cmbChkIkenieExtPatternBirthDevil,Internal,True,facility_combine
fclCombineCalcCore,fclCombineCalcCore.cs,cmbGetRankUpDownDevil_Internal_Static_UInt16_UInt16_Byte_0,100667466,cmbGetRankUpDownDevil,Internal,True,facility_combine
fclCombineCalcCore,fclCombineCalcCore.cs,cmbGetRankUpDown_Internal_Static_SByte_UInt16_SByte_0,100667467,cmbGetRankUpDown,Internal,True,facility_combine
fclCombineCalcCore,fclCombineCalcCore.cs,cmbGetBirthSpirit_Internal_Static_UInt16_UInt16_UInt16_0,100667468,cmbGetBirthSpirit,Internal,True,facility_combine
fclCombineCalcCore,fclCombineCalcCore.cs,cmbGetKeisyoSkillEndIndex_Internal_Static_SByte_datUnitWork_t_0,100667469,cmbGetKeisyoSkillEndIndex,Internal,True,facility_combine
fclCombineCalcCore,fclCombineCalcCore.cs,cmbGetBirthDevilRace_Internal_Static_Byte_UInt16_UInt16_SByte_0,100667470,cmbGetBirthDevilRace,Internal,True,facility_combine
fclCombineCalcCore,fclCombineCalcCore.cs,cmbGetAverageLevel_Internal_Static_Int32_datUnitWork_t_datUnitWork_t_datUnitWork_t_SByte_0,100667471,cmbGetAverageLevel,Internal,True,facility_combine
fclCombineCalcCore,fclCombineCalcCore.cs,cmbGetStockDevilInfo_Internal_Static_Void_datUnitWork_t_byref_UInt16_byref_Byte_0,100667472,cmbGetStockDevilInfo,Internal,True,facility_combine
fclCombineCalcCore,fclCombineCalcCore.cs,cmbChkExtPattern_Internal_Static_UInt16_UInt16_UInt16_0,100667473,cmbChkExtPattern,Internal,True,facility_combine
fclCombineCalcCore,fclCombineCalcCore.cs,cmbChkExtPatternBirthDevil_Internal_Static_SByte_UInt16_0,100667474,cmbChkExtPatternBirthDevil,Internal,True,facility_combine
fclCombineCalcCore,fclCombineCalcCore.cs,cmbChkMetaOnlyDevil_Internal_Static_SByte_UInt16_0,100667475,cmbChkMetaOnlyDevil,Internal,True,facility_combine
fclCombineCalcCore,fclCombineCalcCore.cs,cmbChkAccident_Internal_Static_SByte_0,100667476,cmbChkAccident,Internal,True,facility_combine
fclCombineCalcCore,fclCombineCalcCore.cs,cmbChkAccidentType_Internal_Static_SByte_0,100667477,cmbChkAccidentType,Internal,True,facility_combine
fclCombineCalcCore,fclCombineCalcCore.cs,cmbGetAccidentFailDevil_Internal_Static_UInt16_UInt16_0,100667478,cmbGetAccidentFailDevil,Internal,True,facility_combine
fclCombineCalcCore,fclCombineCalcCore.cs,cmbRndGetAccidentBirthDevil_Internal_Static_UInt16_UInt16_0,100667479,cmbRndGetAccidentBirthDevil,Internal,True,facility_combine
fclCombineCalcCore,fclCombineCalcCore.cs,cmbAddParamAccidentBirthDevil_Internal_Static_Void_datUnitWork_t_0,100667480,cmbAddParamAccidentBirthDevil,Internal,True,facility_combine
fclCombineCalcCore,fclCombineCalcCore.cs,cmbCalcNormal2_Internal_Static_UInt16_datUnitWork_t_datUnitWork_t_SByte_SByte_0,100667481,cmbCalcNormal2,Internal,True,facility_combine
fclCombineCalcCore,fclCombineCalcCore.cs,cmbCalcDevil2_Internal_Static_Int32_datUnitWork_t_datUnitWork_t_SByte_SByte_Il2CppStructArray_1_UInt16_Il2CppStructArray_1_Byte_byref_Byte_0,100667482,cmbCalcDevil2,Internal,True,facility_combine
fclCombineCalcCore,fclCombineCalcCore.cs,cmbCalcIkenieExp_Internal_Static_Void_datUnitWork_t_datUnitWork_t_datUnitWork_t_datUnitWork_t_0,100667483,cmbCalcIkenieExp,Internal,True,facility_combine
fclCombineCalcCore,fclCombineCalcCore.cs,cmbChkIkenieIllegalDevil_Internal_Static_SByte_UInt16_0,100667484,cmbChkIkenieIllegalDevil,Internal,True,facility_combine
fclCombineCalcCore,fclCombineCalcCore.cs,cmbCalcIkenie_Internal_Static_UInt16_datUnitWork_t_datUnitWork_t_datUnitWork_t_SByte_SByte_Il2CppStructArray_1_UInt16_Il2CppStructArray_1_Byte_0,100667485,cmbCalcIkenie,Internal,True,facility_combine
fclCombineCalcCore,fclCombineCalcCore.cs,cmbGetEmptyStockIndex_Public_Static_SByte_Il2CppReferenceArray_1_datUnitWork_t_SByte_Int32_0,100667486,cmbGetEmptyStockIndex,Public,True,facility_combine
fclCombineCalcCore,fclCombineCalcCore.cs,cmbGetStockDevilIndex_Public_Static_SByte_UInt16_Il2CppReferenceArray_1_datUnitWork_t_Byte_0,100667487,cmbGetStockDevilIndex,Public,True,facility_combine
fclCombineCalcCore,fclCombineCalcCore.cs,cmbAddKeisyoSkillFromSkill_Internal_Static_Void_datUnitWork_t_datUnitWork_t_0,100667488,cmbAddKeisyoSkillFromSkill,Internal,True,facility_combine
fclCombineCalcCore,fclCombineCalcCore.cs,cmbDeleteKeisyoSkill_Public_Static_Void_datUnitWork_t_Byte_0,100667489,cmbDeleteKeisyoSkill,Public,True,facility_combine
fclCombineCalcCore,fclCombineCalcCore.cs,cmbMoveKeisyoSkillToSkill_Internal_Static_SByte_UInt16_datUnitWork_t_0,100667490,cmbMoveKeisyoSkillToSkill,Internal,True,facility_combine
fclCombineCalcCore,fclCombineCalcCore.cs,cmbAddSkill_Public_Static_SByte_UInt16_datUnitWork_t_0,100667491,cmbAddSkill,Public,True,facility_combine
fclCombineCalcCore,fclCombineCalcCore.cs,cmbChkSkillOwner_Public_Static_SByte_UInt16_datUnitWork_t_0,100667492,cmbChkSkillOwner,Public,True,facility_combine
fclCombineCalcCore,fclCombineCalcCore.cs,cmbChkKeisyoSkillOwner_Public_Static_SByte_UInt16_datUnitWork_t_0,100667493,cmbChkKeisyoSkillOwner,Public,True,facility_combine
fclCombineCalcCore,fclCombineCalcCore.cs,cmbChkKeisyoSkillNums_Internal_Static_SByte_datUnitWork_t_0,100667494,cmbChkKeisyoSkillNums,Internal,True,facility_combine
fclCombineCalcCore,fclCombineCalcCore.cs,cmbCopyDefaultDevilToStock_Public_Static_Void_UInt16_datUnitWork_t_0,100667495,cmbCopyDefaultDevilToStock,Public,True,facility_combine
fclCombineCalcCore,fclCombineCalcCore.cs,cmbCopyCustomDevilToStock_Public_Static_Void_datUnitWork_t_datUnitWork_t_0,100667496,cmbCopyCustomDevilToStock,Public,True,facility_combine
fclCombineCalcCore,fclCombineCalcCore.cs,cmbClearStock_Public_Static_Void_datUnitWork_t_0,100667497,cmbClearStock,Public,True,facility_combine
fclCombineCalcCore,fclCombineCalcCore.cs,cmbClearSkill_Public_Static_Void_datUnitWork_t_0,100667498,cmbClearSkill,Public,True,facility_combine
fclCombineCalcCore,fclCombineCalcCore.cs,cmbClearKeisyoSkill_Internal_Static_Void_datUnitWork_t_0,100667499,cmbClearKeisyoSkill,Internal,True,facility_combine
fclCombineCalcCore,fclCombineCalcCore.cs,cmbDeleteUnitFromStockList_Internal_Static_Void_SByte_0,100667500,cmbDeleteUnitFromStockList,Internal,True,facility_combine
fclCombineCalcCore,fclCombineCalcCore.cs,cmbAddUnitToStockList_Internal_Static_Void_SByte_0,100667501,cmbAddUnitToStockList,Internal,True,facility_combine
fclCombineCalcCore,fclCombineCalcCore.cs,cmbDeleteDevilFromStock_Public_Static_SByte_UInt16_Il2CppReferenceArray_1_datUnitWork_t_Int32_Byte_0,100667502,cmbDeleteDevilFromStock,Public,True,facility_combine
fclCombineCalcCore,fclCombineCalcCore.cs,cmbAddDefaultDevilToStock_Public_Static_SByte_UInt16_Il2CppReferenceArray_1_datUnitWork_t_Byte_Int32_0,100667503,cmbAddDefaultDevilToStock,Public,True,facility_combine
fclCombineCalcCore,fclCombineCalcCore.cs,cmbAddCustomDevilToStock_Public_Static_SByte_datUnitWork_t_Il2CppReferenceArray_1_datUnitWork_t_Byte_Int32_0,100667504,cmbAddCustomDevilToStock,Public,True,facility_combine
fclCombineCalcCore,fclCombineCalcCore.cs,cmbCalcTotalKeisyoSkillRate_Public_Static_Int32_datUnitWork_t_0,100667505,cmbCalcTotalKeisyoSkillRate,Public,True,facility_combine
fclCombineCalcCore,fclCombineCalcCore.cs,cmbRndGetKeisyoSkill_Public_Static_UInt16_datUnitWork_t_0,100667506,cmbRndGetKeisyoSkill,Public,True,facility_combine
fclCombineCalcCore,fclCombineCalcCore.cs,cmbRndAddKeisyoSkillToSkill_Public_Static_Void_datUnitWork_t_datUnitWork_t_datUnitWork_t_datUnitWork_t_fclKeisyoList_t_byref_fclKeisyoListAll_t_0,100667507,cmbRndAddKeisyoSkillToSkill,Public,True,facility_combine
fclCombineCalcCore,fclCombineCalcCore.cs,cmbSetKeisyoListBuf_Public_Static_Void_fclKeisyoList_t_0,100667508,cmbSetKeisyoListBuf,Public,True,facility_combine
fclCombineCalcCore,fclCombineCalcCore.cs,GetcmbSetKeisyoListBuf_Public_Static_fclKeisyoList_t_0,100667509,GetcmbSetKeisyoListBuf,Public,True,facility_combine
fclCombineCalcCore,fclCombineCalcCore.cs,cmbSetKeisyoListAllBuf_Public_Static_Void_fclKeisyoListAll_t_0,100667510,cmbSetKeisyoListAllBuf,Public,True,facility_combine
fclCombineCalcCore,fclCombineCalcCore.cs,GetcmbSetKeisyoListAllBuf_Public_Static_fclKeisyoListAll_t_0,100667511,GetcmbSetKeisyoListAllBuf,Public,True,facility_combine
fclCombineCalcCore,fclCombineCalcCore.cs,cmbChkLastKeisyoSkill_Public_Static_SByte_UInt16_0,100667512,cmbChkLastKeisyoSkill,Public,True,facility_combine
fclCombineCalcCore,fclCombineCalcCore.cs,cmbGetTargetDevil_Public_Static_UInt16_Byte_Byte_0,100667513,cmbGetTargetDevil,Public,True,facility_combine
fclCombineCalcCore,fclCombineCalcCore.cs,cmbGetManinNeedItemID_Public_Static_UInt16_0,100667514,cmbGetManinNeedItemID,Public,True,facility_combine
fclCombineCalcCore,fclCombineCalcCore.cs,cmbCalcCombineManin_Public_Static_UInt16_UInt16_0,100667515,cmbCalcCombineManin,Public,True,facility_combine
fclCombineCalcCore,fclCombineCalcCore.cs,cmbChkDante_Public_Static_Int32_datUnitWork_t_datUnitWork_t_datUnitWork_t_0,100667516,cmbChkDante,Public,True,facility_combine
fclCombineCalcCore,fclCombineCalcCore.cs,cmbGetBirthDevil_Public_Static_Byte_datUnitWork_t_datUnitWork_t_datUnitWork_t_datUnitWork_t_SByte_SByte_SByte_fclKeisyoList_t_byref_fclKeisyoListAll_t_0,100667517,cmbGetBirthDevil,Public,True,facility_combine
fclCombineDraw,fclCombineDraw.cs,InitializeGameObject_Public_Static_Void_0,100667518,InitializeGameObject,Public,True,facility_combine
fclCombineDraw,fclCombineDraw.cs,FinalizeGameObject_Public_Static_Void_0,100667519,FinalizeGameObject,Public,True,facility_combine
fclCombineDraw,fclCombineDraw.cs,cmbDrawDevilInfo_Internal_Static_Void_String_UInt32_UInt32_datUnitWork_t_Boolean_0,100667520,cmbDrawDevilInfo,Internal,True,facility_combine
fclCombineDraw,fclCombineDraw.cs,cmbDrawDevilInfo_Internal_Static_Void_String_Int32_UInt32_UInt32_datUnitWork_t_Int32_0,100667521,cmbDrawDevilInfo,Internal,True,facility_combine
fclCombineDraw,fclCombineDraw.cs,cmbDrawDevilIcon_Internal_Static_Void_String_Int32_0,100667522,cmbDrawDevilIcon,Internal,True,facility_combine
fclCombineDraw,fclCombineDraw.cs,cmbDrawCombineResultIcon_Internal_Static_Void_GameObject_Int32_SByte_0,100667523,cmbDrawCombineResultIcon,Internal,True,facility_combine
fclCombineDraw,fclCombineDraw.cs,cmbDrawStockDevilInfo_Internal_Static_Void_SByte_UInt32_cmpCursorInfo_t_Byte_0,100667524,cmbDrawStockDevilInfo,Internal,True,facility_combine
fclCombineDraw,fclCombineDraw.cs,cmbDrawSelDevInfo_Internal_Static_Void_String_Int32_datUnitWork_t_SByte_Int32_Int32_0,100667525,cmbDrawSelDevInfo,Internal,True,facility_combine
fclCombineDraw,fclCombineDraw.cs,cmbDrawPlayerInfo_Internal_Static_Void_datUnitWork_t_Int32_0,100667526,cmbDrawPlayerInfo,Internal,True,facility_combine
fclCombineDraw,fclCombineDraw.cs,cmbDrawRootMenu_Private_Static_Void_Int32_0,100667527,cmbDrawRootMenu,Private,True,facility_combine
fclCombineDraw,fclCombineDraw.cs,cmbDrawHelp_Internal_Static_Void_Int32_0,100667528,cmbDrawHelp,Internal,True,facility_combine
fclCombineDraw,fclCombineDraw.cs,cmbDrawInfoWindow_Internal_Static_Void_SByte_0,100667529,cmbDrawInfoWindow,Internal,True,facility_combine
fclCombineDraw,fclCombineDraw.cs,cmbDrawSelectCursor_Internal_Static_Void_Byte_UInt32_cmpCursorInfo_t_0,100667530,cmbDrawSelectCursor,Internal,True,facility_combine
fclCombineDraw,fclCombineDraw.cs,cmbDrawSelDevilInfo_Internal_Static_Void_Int32_Int32_0,100667531,cmbDrawSelDevilInfo,Internal,True,facility_combine
fclCombineDraw,fclCombineDraw.cs,cmbDraw1stDevilSelect_Internal_Static_Void_0,100667532,cmbDraw1stDevilSelect,Internal,True,facility_combine
fclCombineDraw,fclCombineDraw.cs,cmbDraw2ndDevilSelect_Internal_Static_Void_0,100667533,cmbDraw2ndDevilSelect,Internal,True,facility_combine
fclCombineDraw,fclCombineDraw.cs,cmbDrawSacDevilSelect_Internal_Static_Void_0,100667534,cmbDrawSacDevilSelect,Internal,True,facility_combine
fclCombineDraw,fclCombineDraw.cs,cmbDrawRibbon_Public_Static_Void_Int32_0,100667535,cmbDrawRibbon,Public,True,facility_combine
fclCombineDraw,fclCombineDraw.cs,cmbDrawStatus_Internal_Static_Void_0,100667536,cmbDrawStatus,Internal,True,facility_combine
fclCombineDraw,fclCombineDraw.cs,cmbDrawStatusRibbon_Internal_Static_Void_0,100667537,cmbDrawStatusRibbon,Internal,True,facility_combine
fclCombineDraw,fclCombineDraw.cs,cmbDrawStatusRibbon_Internal_Static_Void_Il2CppStringArray_Int32_0,100667538,cmbDrawStatusRibbon,Internal,True,facility_combine
fclCombineDraw,fclCombineDraw.cs,cmbDrawBirthDevilMaskBG_Private_Static_Void_0,100667539,cmbDrawBirthDevilMaskBG,Private,True,facility_combine
fclCombineDraw,fclCombineDraw.cs,cmbDrawBirthDevil_Private_Static_Void_Int32_0,100667540,cmbDrawBirthDevil,Private,True,facility_combine
fclCombineDraw,fclCombineDraw.cs,cmbDrawBirthDevilSelectSkillInit_Public_Static_Void_0,100667541,cmbDrawBirthDevilSelectSkillInit,Public,True,facility_combine
fclCombineDraw,fclCombineDraw.cs,cmbDrawBirthDevilSelectSkillRet_Public_Static_Void_0,100667542,cmbDrawBirthDevilSelectSkillRet,Public,True,facility_combine
fclCombineDraw,fclCombineDraw.cs,cmbDrawBirthDevilSelectSkillEnd_Public_Static_Void_0,100667543,cmbDrawBirthDevilSelectSkillEnd,Public,True,facility_combine
fclCombineDraw,fclCombineDraw.cs,cmbDrawBirthDevilSelectSkill_Private_Static_Void_0,100667544,cmbDrawBirthDevilSelectSkill,Private,True,facility_combine
fclCombineDraw,fclCombineDraw.cs,cmbDrawZensyoMenu_Private_Static_Void_Int32_0,100667545,cmbDrawZensyoMenu,Private,True,facility_combine
fclCombineDraw,fclCombineDraw.cs,cmbDrawTalkMenu_Private_Static_Void_Int32_0,100667546,cmbDrawTalkMenu,Private,True,facility_combine
fclCombineDraw,fclCombineDraw.cs,cmbDrawSeqMessage_Private_Static_Void_0,100667547,cmbDrawSeqMessage,Private,True,facility_combine
fclCombineDraw,fclCombineDraw.cs,cmbDrawSequence_Public_Static_Object_dds3ProcessID_t_0,100667548,cmbDrawSequence,Public,True,facility_combine
fclCombineDraw,fclCombineDraw.cs,UpdateDevilList_Public_Static_Void_Int32_0,100667549,UpdateDevilList,Public,True,facility_combine
fclCombineInit,fclCombineInit.cs,fclCombineDisableTalkIkenie_Public_Static_Void_0,100667551,fclCombineDisableTalkIkenie,Public,True,facility_combine
fclCombineInit,fclCombineInit.cs,fclCombineDisableTalkMagatama_Public_Static_Void_0,100667552,fclCombineDisableTalkMagatama,Public,True,facility_combine
fclCombineInit,fclCombineInit.cs,fclCombineDisableCmdZensyo_Public_Static_Void_0,100667553,fclCombineDisableCmdZensyo,Public,True,facility_combine
fclCombineInit,fclCombineInit.cs,fclCombineDisableTalkZensyo_Public_Static_Void_0,100667554,fclCombineDisableTalkZensyo,Public,True,facility_combine
fclCombineInit,fclCombineInit.cs,fclCombineChkEventStat_Public_Static_SByte_0,100667555,fclCombineChkEventStat,Public,True,facility_combine
fclCombineInit,fclCombineInit.cs,fclCombineEventStart_Public_Static_Void_SByte_0,100667556,fclCombineEventStart,Public,True,facility_combine
fclCombineInit,fclCombineInit.cs,fclCombineEventEnd_Public_Static_Void_0,100667557,fclCombineEventEnd,Public,True,facility_combine
fclCombineInit,fclCombineInit.cs,fclCombineTexLoad_Public_Static_Void_0,100667558,fclCombineTexLoad,Public,True,facility_combine
fclCombineInit,fclCombineInit.cs,fclCombineTexFree_Public_Static_Void_0,100667559,fclCombineTexFree,Public,True,facility_combine
fclCombineInit,fclCombineInit.cs,cmbInitEffParam_Public_Static_Void_0,100667560,cmbInitEffParam,Public,True,facility_combine
fclCombineInit,fclCombineInit.cs,cmbChkGeneralStat_Public_Static_Int32_0,100667561,cmbChkGeneralStat,Public,True,facility_combine
fclCombineInit,fclCombineInit.cs,fclCombineTokusyuBGM_Public_Static_Int32_0,100667562,fclCombineTokusyuBGM,Public,True,facility_combine
fclCombineInit,fclCombineInit.cs,fclCombineBGM_Public_Static_Void_SByte_0,100667563,fclCombineBGM,Public,True,facility_combine
fclCombineInit,fclCombineInit.cs,fclCombineInitPanelMover_Public_Static_Void_cmbGlobalWork_t_0,100667564,fclCombineInitPanelMover,Public,True,facility_combine
fclCombineInit,fclCombineInit.cs,fclCombineInitialize_Public_Static_Void_0,100667565,fclCombineInitialize,Public,True,facility_combine
fclCombineInit,fclCombineInit.cs,fclUpdateInit_Internal_Static_Void_0,100667566,fclUpdateInit,Internal,True,facility_combine
fclCombineInit,fclCombineInit.cs,OnInstitutionCallback_Private_Static_Void_Int32_SteamColliders_SteamCollider_Int32_0,100667567,OnInstitutionCallback,Private,True,facility_combine
fclCombineInit,fclCombineInit.cs,OnCombMenuCallback_Private_Static_Void_Int32_SteamColliders_SteamCollider_Int32_0,100667568,OnCombMenuCallback,Private,True,facility_combine
fclCombineInit,fclCombineInit.cs,OnDlistSumCallback_Private_Static_Void_Int32_SteamColliders_SteamCollider_Int32_0,100667569,OnDlistSumCallback,Private,True,facility_combine
fclCombineInit,fclCombineInit.cs,OnDlistSumBarCallback_Private_Static_Void_Int32_SteamColliders_SteamCollider_Int32_0,100667570,OnDlistSumBarCallback,Private,True,facility_combine
fclCombineInit,fclCombineInit.cs,OnDlistRecCallback_Private_Static_Void_Int32_SteamColliders_SteamCollider_Int32_0,100667571,OnDlistRecCallback,Private,True,facility_combine
fclCombineInit,fclCombineInit.cs,fclCombineDestroy_Public_Static_Object_dds3ProcessID_t_0,100667572,fclCombineDestroy,Public,True,facility_combine
fclCombineInit,fclCombineInit.cs,_fclCombineCalc_Public_Static_dds3ProcessFunc_t_dds3ProcessID_t_0,100667573,_fclCombineCalc,Public,True,facility_combine
fclCombineInit,fclCombineInit.cs,_fclCombineDraw_Public_Static_Object_dds3ProcessID_t_0,100667574,_fclCombineDraw,Public,True,facility_combine
fclCombineInit,fclCombineInit.cs,_fclCombineUpdate_Public_Static_Object_dds3ProcessID_t_0,100667575,_fclCombineUpdate,Public,True,facility_combine
fclCombineInit,fclCombineInit.cs,fclCombineProcessStart_Public_Static_Void_0,100667576,fclCombineProcessStart,Public,True,facility_combine
fclCombineInit,fclCombineInit.cs,fclCombineProcessEnd_Public_Static_Int32_0,100667577,fclCombineProcessEnd,Public,True,facility_combine
fclCombineInit,fclCombineInit.cs,fclChkCombineProcess_Public_Static_SByte_0,100667578,fclChkCombineProcess,Public,True,facility_combine
fclCombineInit,fclCombineInit.cs,CollidersEnabled_Public_Static_Void_Int32_Boolean_0,100667579,CollidersEnabled,Public,True,facility_combine
fclCombineInit,fclCombineInit.cs,GetCurrentCursorInfo_Public_Static_cmpCursorInfo_t_0,100667580,GetCurrentCursorInfo,Public,True,facility_combine
fclCombineUpdate,fclCombineUpdate.cs,UpdateCursor1st_Internal_Static_Void_Int32_Int32_0,100667582,UpdateCursor1st,Internal,True,facility_combine
fclCombineUpdate,fclCombineUpdate.cs,cmbExit_Public_Static_Void_0,100667583,cmbExit,Public,True,facility_combine
fclCombineUpdate,fclCombineUpdate.cs,cmbUpdateRoot_Public_Static_Void_0,100667584,cmbUpdateRoot,Public,True,facility_combine
fclCombineUpdate,fclCombineUpdate.cs,cmbChkNoDeleteFlag_Public_Static_Int32_Int32_0,100667585,cmbChkNoDeleteFlag,Public,True,facility_combine
fclCombineUpdate,fclCombineUpdate.cs,cmbUpdateDevSel1st_Public_Static_Void_0,100667586,cmbUpdateDevSel1st,Public,True,facility_combine
fclCombineUpdate,fclCombineUpdate.cs,cmbUpdateDevSel2nd_Public_Static_Void_0,100667587,cmbUpdateDevSel2nd,Public,True,facility_combine
fclCombineUpdate,fclCombineUpdate.cs,cmbUpdateStatus_Public_Static_Void_0,100667588,cmbUpdateStatus,Public,True,facility_combine
fclCombineUpdate,fclCombineUpdate.cs,cmbSetActiveRibbon_Public_Static_Void_0,100667589,cmbSetActiveRibbon,Public,True,facility_combine
fclCombineUpdate,fclCombineUpdate.cs,cmbChkIkenieEnable_Public_Static_Int32_0,100667590,cmbChkIkenieEnable,Public,True,facility_combine
fclCombineUpdate,fclCombineUpdate.cs,cmbUpdateBirthDevil_Public_Static_Void_0,100667591,cmbUpdateBirthDevil,Public,True,facility_combine
fclCombineUpdate,fclCombineUpdate.cs,SkillSelWakuClr_Private_Static_Void_0,100667592,SkillSelWakuClr,Private,True,facility_combine
fclCombineUpdate,fclCombineUpdate.cs,CalcHpMp_Private_Static_Void_byref_datUnitWork_t_0,100667593,CalcHpMp,Private,True,facility_combine
fclCombineUpdate,fclCombineUpdate.cs,cmbUpdateBirthDevilSelectSkillInit_Public_Static_Void_0,100667594,cmbUpdateBirthDevilSelectSkillInit,Public,True,facility_combine
fclCombineUpdate,fclCombineUpdate.cs,OnSkillSelectCallback_Private_Static_Void_Int32_SteamColliders_SteamCollider_Int32_0,100667595,OnSkillSelectCallback,Private,True,facility_combine
fclCombineUpdate,fclCombineUpdate.cs,OnSSkillCallback_Private_Static_Void_Int32_SteamColliders_SteamCollider_Int32_0,100667596,OnSSkillCallback,Private,True,facility_combine
fclCombineUpdate,fclCombineUpdate.cs,cmbUpdateBirthDevilSelectSkillReturn_Public_Static_Void_0,100667597,cmbUpdateBirthDevilSelectSkillReturn,Public,True,facility_combine
fclCombineUpdate,fclCombineUpdate.cs,cmbUpdateBirthDevilSelectSkill_Public_Static_Void_0,100667598,cmbUpdateBirthDevilSelectSkill,Public,True,facility_combine
fclCombineUpdate,fclCombineUpdate.cs,ChkSkill_Public_Static_Boolean_Int32_0,100667599,ChkSkill,Public,True,facility_combine
fclCombineUpdate,fclCombineUpdate.cs,cmbUpdateBirthDevilConfSkill_Public_Static_Void_0,100667600,cmbUpdateBirthDevilConfSkill,Public,True,facility_combine
fclCombineUpdate,fclCombineUpdate.cs,cmbUpdateBirthDevilMouse_Private_Static_UInt32_Int32_0,100667601,cmbUpdateBirthDevilMouse,Private,True,facility_combine
fclCombineUpdate,fclCombineUpdate.cs,cmbSetAction_Public_Static_Void_0,100667602,cmbSetAction,Public,True,facility_combine
fclCombineUpdate,fclCombineUpdate.cs,cmbUpdateDecideDevil_Public_Static_SByte_0,100667603,cmbUpdateDecideDevil,Public,True,facility_combine
fclCombineUpdate,fclCombineUpdate.cs,cmbUpdateSacConfirm_Public_Static_SByte_0,100667604,cmbUpdateSacConfirm,Public,True,facility_combine
fclCombineUpdate,fclCombineUpdate.cs,cmbUpdateDevSelSac_Public_Static_Void_0,100667605,cmbUpdateDevSelSac,Public,True,facility_combine
fclCombineUpdate,fclCombineUpdate.cs,cmbUpdateError_Public_Static_Void_0,100667606,cmbUpdateError,Public,True,facility_combine
fclCombineUpdate,fclCombineUpdate.cs,cmbUpdateSeqTalk_Public_Static_Void_0,100667607,cmbUpdateSeqTalk,Public,True,facility_combine
fclCombineUpdate,fclCombineUpdate.cs,cmbUpdateSeqMsg_Public_Static_Void_0,100667608,cmbUpdateSeqMsg,Public,True,facility_combine
fclCombineUpdate,fclCombineUpdate.cs,cmbDestroyActModel_Public_Static_Void_0,100667609,cmbDestroyActModel,Public,True,facility_combine
fclCombineUpdate,fclCombineUpdate.cs,cmbDestroyActEffect_Public_Static_Void_0,100667610,cmbDestroyActEffect,Public,True,facility_combine
fclCombineUpdate,fclCombineUpdate.cs,cmbUpdateIntroduce_Public_Static_Void_0,100667611,cmbUpdateIntroduce,Public,True,facility_combine
fclCombineUpdate,fclCombineUpdate.cs,cmbCallEncyc_Public_Static_Void_Int32_0,100667612,cmbCallEncyc,Public,True,facility_combine
fclCombineUpdate,fclCombineUpdate.cs,cmbUpdateZensyo_Public_Static_Void_0,100667613,cmbUpdateZensyo,Public,True,facility_combine
fclCombineUpdate,fclCombineUpdate.cs,cmbUpdateDebugActCombine_Public_Static_SByte_0,100667614,cmbUpdateDebugActCombine,Public,True,facility_combine
fclCombineUpdate,fclCombineUpdate.cs,cmbUpdatePanelMover_Public_Static_Void_0,100667615,cmbUpdatePanelMover,Public,True,facility_combine
fclCombineUpdate,fclCombineUpdate.cs,cmbUpdateModelLoad_Public_Static_Void_0,100667616,cmbUpdateModelLoad,Public,True,facility_combine
fclCombineUpdate,fclCombineUpdate.cs,cmbUpdateSequence_Public_Static_Object_dds3ProcessID_t_0,100667617,cmbUpdateSequence,Public,True,facility_combine
fclCombineUpdate,fclCombineUpdate.cs,DevilStatusMode_Internal_Static_Void_Boolean_Boolean_0,100667618,DevilStatusMode,Internal,True,facility_combine
fclCombineUpdate,fclCombineUpdate.cs,OyajiOff_Public_Static_Void_0,100667619,OyajiOff,Public,True,facility_combine
fclCombineUpdate,fclCombineUpdate.cs,IsZensyoMode_Public_Static_Boolean_0,100667620,IsZensyoMode,Public,True,facility_combine
fclCombineUpdate,fclCombineUpdate.cs,UnlockTrophy_Public_Static_Void_0,100667621,UnlockTrophy,Public,True,facility_combine
