namespace,type,field,field_type,path
Il2Cpplibsdf_H,sdfMotionNodeDef_t,typeId,uint,SMT3HD_Reimagined/tools/references/Assembly-CSharp/Assembly-CSharp/Il2Cpplibsdf_H/sdfMotionNodeDef_t.cs
Il2Cpplibsdf_H,sdfMotionNodeDef_t,nodeId,uint,SMT3HD_Reimagined/tools/references/Assembly-CSharp/Assembly-CSharp/Il2Cpplibsdf_H/sdfMotionNodeDef_t.cs
Il2Cpplibsdf_H,sdfMatDef_t,id,uint,SMT3HD_Reimagined/tools/references/Assembly-CSharp/Assembly-CSharp/Il2Cpplibsdf_H/sdfMatDef_t.cs
Il2Cpplibsdf_H,sdfMatDef_t,flags,ushort,SMT3HD_Reimagined/tools/references/Assembly-CSharp/Assembly-CSharp/Il2Cpplibsdf_H/sdfMatDef_t.cs
Il2Cpplibsdf_H,sdfMatDef_t,parmBits,ushort,SMT3HD_Reimagined/tools/references/Assembly-CSharp/Assembly-CSharp/Il2Cpplibsdf_H/sdfMatDef_t.cs
Il2Cpplibsdf_H,sdfMemHandle_t,prev,sdfMemHandle_t,SMT3HD_Reimagined/tools/references/Assembly-CSharp/Assembly-CSharp/Il2Cpplibsdf_H/sdfMemHandle_t.cs
Il2Cpplibsdf_H,sdfMemHandle_t,next,sdfMemHandle_t,SMT3HD_Reimagined/tools/references/Assembly-CSharp/Assembly-CSharp/Il2Cpplibsdf_H/sdfMemHandle_t.cs
Il2Cpplibsdf_H,sdfMemHandle_t,ptr,Il2CppSystem.Object,SMT3HD_Reimagined/tools/references/Assembly-CSharp/Assembly-CSharp/Il2Cpplibsdf_H/sdfMemHandle_t.cs
Il2Cpplibsdf_H,sdfMemHandle_t,stat,ushort,SMT3HD_Reimagined/tools/references/Assembly-CSharp/Assembly-CSharp/Il2Cpplibsdf_H/sdfMemHandle_t.cs
Il2Cpplibsdf_H,sdfMemHandle_t,mlock,ushort,SMT3HD_Reimagined/tools/references/Assembly-CSharp/Assembly-CSharp/Il2Cpplibsdf_H/sdfMemHandle_t.cs
Il2Cpplibsdf_H,sdfModelNodeDef_t,format,ushort,SMT3HD_Reimagined/tools/references/Assembly-CSharp/Assembly-CSharp/Il2Cpplibsdf_H/sdfModelNodeDef_t.cs
Il2Cpplibsdf_H,sdfModelNodeDef_t,pad0,ushort,SMT3HD_Reimagined/tools/references/Assembly-CSharp/Assembly-CSharp/Il2Cpplibsdf_H/sdfModelNodeDef_t.cs
Il2Cpplibsdf_H,sdfModelNodeDef_t,pad1,uint,SMT3HD_Reimagined/tools/references/Assembly-CSharp/Assembly-CSharp/Il2Cpplibsdf_H/sdfModelNodeDef_t.cs
Il2Cpplibsdf_H,sdfModelNodeDef_t,id,uint,SMT3HD_Reimagined/tools/references/Assembly-CSharp/Assembly-CSharp/Il2Cpplibsdf_H/sdfModelNodeDef_t.cs
Il2Cpplibsdf_H,sdfModelNodeDef_t,parentIndex,int,SMT3HD_Reimagined/tools/references/Assembly-CSharp/Assembly-CSharp/Il2Cpplibsdf_H/sdfModelNodeDef_t.cs
Il2Cpplibsdf_H,sdfModelNodeDef_t,rotate,Vector4,SMT3HD_Reimagined/tools/references/Assembly-CSharp/Assembly-CSharp/Il2Cpplibsdf_H/sdfModelNodeDef_t.cs
Il2Cpplibsdf_H,sdfModelNodeDef_t,pos,Vector4,SMT3HD_Reimagined/tools/references/Assembly-CSharp/Assembly-CSharp/Il2Cpplibsdf_H/sdfModelNodeDef_t.cs
Il2Cpplibsdf_H,sdfModelNodeDef_t,scale,Vector4,SMT3HD_Reimagined/tools/references/Assembly-CSharp/Assembly-CSharp/Il2Cpplibsdf_H/sdfModelNodeDef_t.cs
Il2Cpplibsdf_H,sdfModelNodeDef_t,bounds,float,SMT3HD_Reimagined/tools/references/Assembly-CSharp/Assembly-CSharp/Il2Cpplibsdf_H/sdfModelNodeDef_t.cs
Il2Cpplibsdf_H,sdfModelNodeDef_t,shape,Il2CppReferenceArray<Il2CppSystem.Object>,SMT3HD_Reimagined/tools/references/Assembly-CSharp/Assembly-CSharp/Il2Cpplibsdf_H/sdfModelNodeDef_t.cs
Il2Cpplibsdf_H,sdfModelDef_t,modelDef,int,SMT3HD_Reimagined/tools/references/Assembly-CSharp/Assembly-CSharp/Il2Cpplibsdf_H/sdfModelDef_t.cs
Il2Cpplibsdf_H,sdfModelDef_t,matDef_Old,Il2CppSystem.Object,SMT3HD_Reimagined/tools/references/Assembly-CSharp/Assembly-CSharp/Il2Cpplibsdf_H/sdfModelDef_t.cs
Il2Cpplibsdf_H,sdfModelDef_t,count,int,SMT3HD_Reimagined/tools/references/Assembly-CSharp/Assembly-CSharp/Il2Cpplibsdf_H/sdfModelDef_t.cs
Il2Cpplibsdf_H,sdfModelDef_t,matDef_New,sdfMatDef_t,SMT3HD_Reimagined/tools/references/Assembly-CSharp/Assembly-CSharp/Il2Cpplibsdf_H/sdfModelDef_t.cs
Il2Cpplibsdf_H,sdfModelDef_t,morphCount,uint,SMT3HD_Reimagined/tools/references/Assembly-CSharp/Assembly-CSharp/Il2Cpplibsdf_H/sdfModelDef_t.cs
Il2Cpplibsdf_H,sdfModelDef_t,extraData,Il2CppSystem.Object,SMT3HD_Reimagined/tools/references/Assembly-CSharp/Assembly-CSharp/Il2Cpplibsdf_H/sdfModelDef_t.cs
Il2Cpplibsdf_H,sdfModelDef_t,nodeDef,Il2CppReferenceArray<sdfModelNodeDef_t>,SMT3HD_Reimagined/tools/references/Assembly-CSharp/Assembly-CSharp/Il2Cpplibsdf_H/sdfModelDef_t.cs
Il2Cpplibsdf_H,sdfMotionCutDef_t,frameLength,uint,SMT3HD_Reimagined/tools/references/Assembly-CSharp/Assembly-CSharp/Il2Cpplibsdf_H/sdfMotionCutDef_t.cs
Il2Cpplibsdf_H,sdfMotionCutDef_t,cutChunk,Il2CppReferenceArray<sdfMotionCutChunk_t>,SMT3HD_Reimagined/tools/references/Assembly-CSharp/Assembly-CSharp/Il2Cpplibsdf_H/sdfMotionCutDef_t.cs
Il2Cpplibsdf_H,sdfMatList_t,memHandle,sdfMemHandle_t,SMT3HD_Reimagined/tools/references/Assembly-CSharp/Assembly-CSharp/Il2Cpplibsdf_H/sdfMatList_t.cs
Il2Cpplibsdf_H,sdfMatList_t,count,short,SMT3HD_Reimagined/tools/references/Assembly-CSharp/Assembly-CSharp/Il2Cpplibsdf_H/sdfMatList_t.cs
Il2Cpplibsdf_H,sdfMatList_t,capacity,short,SMT3HD_Reimagined/tools/references/Assembly-CSharp/Assembly-CSharp/Il2Cpplibsdf_H/sdfMatList_t.cs
Il2Cpplibsdf_H,sdfMatList_t,elemSize,short,SMT3HD_Reimagined/tools/references/Assembly-CSharp/Assembly-CSharp/Il2Cpplibsdf_H/sdfMatList_t.cs
Il2Cpplibsdf_H,sdfMatList_t,growStep,short,SMT3HD_Reimagined/tools/references/Assembly-CSharp/Assembly-CSharp/Il2Cpplibsdf_H/sdfMatList_t.cs
Il2Cpplibsdf_H,sdfMatList_t,items,Il2CppReferenceArray<sdfMat_t>,SMT3HD_Reimagined/tools/references/Assembly-CSharp/Assembly-CSharp/Il2Cpplibsdf_H/sdfMatList_t.cs
Il2Cpplibsdf_H,sdfFileCmdHandle_t,next,sdfFileCmdHandle_t,SMT3HD_Reimagined/tools/references/Assembly-CSharp/Assembly-CSharp/Il2Cpplibsdf_H/sdfFileCmdHandle_t.cs
Il2Cpplibsdf_H,sdfFileCmdHandle_t,prev,sdfFileCmdHandle_t,SMT3HD_Reimagined/tools/references/Assembly-CSharp/Assembly-CSharp/Il2Cpplibsdf_H/sdfFileCmdHandle_t.cs
Il2Cpplibsdf_H,sdfFileCmdHandle_t,deviceNext,sdfFileCmdHandle_t,SMT3HD_Reimagined/tools/references/Assembly-CSharp/Assembly-CSharp/Il2Cpplibsdf_H/sdfFileCmdHandle_t.cs
Il2Cpplibsdf_H,sdfFileCmdHandle_t,devicePrev,sdfFileCmdHandle_t,SMT3HD_Reimagined/tools/references/Assembly-CSharp/Assembly-CSharp/Il2Cpplibsdf_H/sdfFileCmdHandle_t.cs
Il2Cpplibsdf_H,sdfFileCmdHandle_t,filename,Il2CppStructArray<char>,SMT3HD_Reimagined/tools/references/Assembly-CSharp/Assembly-CSharp/Il2Cpplibsdf_H/sdfFileCmdHandle_t.cs
Il2Cpplibsdf_H,sdfFileCmdHandle_t,device,byte,SMT3HD_Reimagined/tools/references/Assembly-CSharp/Assembly-CSharp/Il2Cpplibsdf_H/sdfFileCmdHandle_t.cs
Il2Cpplibsdf_H,sdfFileCmdHandle_t,cmd,byte,SMT3HD_Reimagined/tools/references/Assembly-CSharp/Assembly-CSharp/Il2Cpplibsdf_H/sdfFileCmdHandle_t.cs
Il2Cpplibsdf_H,sdfFileCmdHandle_t,stat,sbyte,SMT3HD_Reimagined/tools/references/Assembly-CSharp/Assembly-CSharp/Il2Cpplibsdf_H/sdfFileCmdHandle_t.cs
Il2Cpplibsdf_H,sdfFileCmdHandle_t,phase,sbyte,SMT3HD_Reimagined/tools/references/Assembly-CSharp/Assembly-CSharp/Il2Cpplibsdf_H/sdfFileCmdHandle_t.cs
Il2Cpplibsdf_H,sdfFileCmdHandle_t,offset,short,SMT3HD_Reimagined/tools/references/Assembly-CSharp/Assembly-CSharp/Il2Cpplibsdf_H/sdfFileCmdHandle_t.cs
Il2Cpplibsdf_H,sdfFileCmdHandle_t,length,short,SMT3HD_Reimagined/tools/references/Assembly-CSharp/Assembly-CSharp/Il2Cpplibsdf_H/sdfFileCmdHandle_t.cs
Il2Cpplibsdf_H,sdfFileCmdHandle_t,buffer,Il2CppSystem.Object,SMT3HD_Reimagined/tools/references/Assembly-CSharp/Assembly-CSharp/Il2Cpplibsdf_H/sdfFileCmdHandle_t.cs
Il2Cpplibsdf_H,sdfFileCmdHandle_t,cmdParm,uint,SMT3HD_Reimagined/tools/references/Assembly-CSharp/Assembly-CSharp/Il2Cpplibsdf_H/sdfFileCmdHandle_t.cs
Il2Cpplibsdf_H,sdfFileCmdHandle_t,fd,int,SMT3HD_Reimagined/tools/references/Assembly-CSharp/Assembly-CSharp/Il2Cpplibsdf_H/sdfFileCmdHandle_t.cs
Il2Cpplibsdf_H,sdfFileCmdHandle_t,errorCode,int,SMT3HD_Reimagined/tools/references/Assembly-CSharp/Assembly-CSharp/Il2Cpplibsdf_H/sdfFileCmdHandle_t.cs
Il2Cpplibsdf_H,sdfFileCmdHandle_t,currentOffset,uint,SMT3HD_Reimagined/tools/references/Assembly-CSharp/Assembly-CSharp/Il2Cpplibsdf_H/sdfFileCmdHandle_t.cs
Il2Cpplibsdf_H,sdfFileCmdHandle_t,remainder,uint,SMT3HD_Reimagined/tools/references/Assembly-CSharp/Assembly-CSharp/Il2Cpplibsdf_H/sdfFileCmdHandle_t.cs
Il2Cpplibsdf_H,sdfFileCmdHandle_t,callback,sdfFileCmdCallback_t,SMT3HD_Reimagined/tools/references/Assembly-CSharp/Assembly-CSharp/Il2Cpplibsdf_H/sdfFileCmdHandle_t.cs
Il2Cpplibsdf_H,sdfFileCmdHandle_t,userData,Il2CppSystem.Object,SMT3HD_Reimagined/tools/references/Assembly-CSharp/Assembly-CSharp/Il2Cpplibsdf_H/sdfFileCmdHandle_t.cs
Il2Cpplibsdf_H,sdfModelTexList_t,memHandle,sdfMemHandle_t,SMT3HD_Reimagined/tools/references/Assembly-CSharp/Assembly-CSharp/Il2Cpplibsdf_H/sdfModelTexList_t.cs
Il2Cpplibsdf_H,sdfModelTexList_t,count,short,SMT3HD_Reimagined/tools/references/Assembly-CSharp/Assembly-CSharp/Il2Cpplibsdf_H/sdfModelTexList_t.cs
Il2Cpplibsdf_H,sdfModelTexList_t,capacity,short,SMT3HD_Reimagined/tools/references/Assembly-CSharp/Assembly-CSharp/Il2Cpplibsdf_H/sdfModelTexList_t.cs
Il2Cpplibsdf_H,sdfModelTexList_t,elemSize,short,SMT3HD_Reimagined/tools/references/Assembly-CSharp/Assembly-CSharp/Il2Cpplibsdf_H/sdfModelTexList_t.cs
Il2Cpplibsdf_H,sdfModelTexList_t,growStep,short,SMT3HD_Reimagined/tools/references/Assembly-CSharp/Assembly-CSharp/Il2Cpplibsdf_H/sdfModelTexList_t.cs
Il2Cpplibsdf_H,sdfModelTexList_t,items,sdfTexHandle_t,SMT3HD_Reimagined/tools/references/Assembly-CSharp/Assembly-CSharp/Il2Cpplibsdf_H/sdfModelTexList_t.cs
Il2Cpplibsdf_H,sdfMotionCutChunk_t,size,uint,SMT3HD_Reimagined/tools/references/Assembly-CSharp/Assembly-CSharp/Il2Cpplibsdf_H/sdfMotionCutChunk_t.cs
Il2Cpplibsdf_H,sdfMotionCutChunk_t,numOfKey,ushort,SMT3HD_Reimagined/tools/references/Assembly-CSharp/Assembly-CSharp/Il2Cpplibsdf_H/sdfMotionCutChunk_t.cs
Il2Cpplibsdf_H,sdfMotionCutChunk_t,keyElemSize,ushort,SMT3HD_Reimagined/tools/references/Assembly-CSharp/Assembly-CSharp/Il2Cpplibsdf_H/sdfMotionCutChunk_t.cs
Il2Cpplibsdf_H,sdfMotionCutChunk_t,pad,uint,SMT3HD_Reimagined/tools/references/Assembly-CSharp/Assembly-CSharp/Il2Cpplibsdf_H/sdfMotionCutChunk_t.cs
Il2Cpplibsdf_H,sdfMotionCutChunk_t,keyFrameList,Il2CppStructArray<ushort>,SMT3HD_Reimagined/tools/references/Assembly-CSharp/Assembly-CSharp/Il2Cpplibsdf_H/sdfMotionCutChunk_t.cs
Il2Cpplibsdf_H,sdfMotionPlayBook_t,numOfCut,ushort,SMT3HD_Reimagined/tools/references/Assembly-CSharp/Assembly-CSharp/Il2Cpplibsdf_H/sdfMotionPlayBook_t.cs
Il2Cpplibsdf_H,sdfMotionPlayBook_t,numOfNode,ushort,SMT3HD_Reimagined/tools/references/Assembly-CSharp/Assembly-CSharp/Il2Cpplibsdf_H/sdfMotionPlayBook_t.cs
Il2Cpplibsdf_H,sdfMotionPlayBook_t,cutList,Il2CppReferenceArray<sdfMotionCutDef_t>,SMT3HD_Reimagined/tools/references/Assembly-CSharp/Assembly-CSharp/Il2Cpplibsdf_H/sdfMotionPlayBook_t.cs
Il2Cpplibsdf_H,sdfMotionPlayBook_t,nodeDefList,Il2CppReferenceArray<sdfMotionNodeDef_t>,SMT3HD_Reimagined/tools/references/Assembly-CSharp/Assembly-CSharp/Il2Cpplibsdf_H/sdfMotionPlayBook_t.cs
