type,consumer_path,consumer_file
fldConstruntAreaFL2_t,SMT3HD_Reimagined/tools/references/Assembly-CSharp/Assembly-CSharp/Il2Cpp/fldFileResolver.cs,fldFileResolver.cs
fldConstruntAreaFL2_t,SMT3HD_Reimagined/tools/references/Assembly-CSharp/Assembly-CSharp/Il2Cppfield_H/fldFileInfoHeaderFL2_t.cs,fldFileInfoHeaderFL2_t.cs
fldFileAreaDataFL1_t,SMT3HD_Reimagined/tools/references/Assembly-CSharp/Assembly-CSharp/Il2Cpp/fldFileResolver.cs,fldFileResolver.cs
fldFileAreaDataFL1_t,SMT3HD_Reimagined/tools/references/Assembly-CSharp/Assembly-CSharp/Il2Cppfield_H/fldFileInfoHeaderFL1_t.cs,fldFileInfoHeaderFL1_t.cs
fldFileAreaDataFL2_t,SMT3HD_Reimagined/tools/references/Assembly-CSharp/Assembly-CSharp/Il2Cpp/fldFileResolver.cs,fldFileResolver.cs
fldFileAreaDataFL2_t,SMT3HD_Reimagined/tools/references/Assembly-CSharp/Assembly-CSharp/Il2Cppfield_H/fldFileInfoHeaderFL2_t.cs,fldFileInfoHeaderFL2_t.cs
fldFileInfoHeaderFL1_t,SMT3HD_Reimagined/tools/references/Assembly-CSharp/Assembly-CSharp/Il2Cpp/fldFileResolver.cs,fldFileResolver.cs
fldFileInfoHeaderFL2_t,SMT3HD_Reimagined/tools/references/Assembly-CSharp/Assembly-CSharp/Il2Cpp/fldFileResolver.cs,fldFileResolver.cs
fldResCam_t,SMT3HD_Reimagined/tools/references/Assembly-CSharp/Assembly-CSharp/Il2Cpp/fldFileResolver.cs,fldFileResolver.cs
fldResCollPolyTomeName_t,SMT3HD_Reimagined/tools/references/Assembly-CSharp/Assembly-CSharp/Il2Cpp/fldFileResolver.cs,fldFileResolver.cs
fldResCollPolyTomeName_t,SMT3HD_Reimagined/tools/references/Assembly-CSharp/Assembly-CSharp/Il2Cppfield_H/fldResCollPolyTome_t.cs,fldResCollPolyTome_t.cs
fldResCollPolyTome_t,SMT3HD_Reimagined/tools/references/Assembly-CSharp/Assembly-CSharp/Il2Cpp/fldFileResolver.cs,fldFileResolver.cs
fldResCollPolyTome_t,SMT3HD_Reimagined/tools/references/Assembly-CSharp/Assembly-CSharp/Il2Cppfield_H/collision_s.cs,collision_s.cs
fldResCollPolyTome_t,SMT3HD_Reimagined/tools/references/Assembly-CSharp/Assembly-CSharp/Il2Cppfield_H/fldResCollisionPoly_t.cs,fldResCollisionPoly_t.cs
fldResCollisionPolyFace_t,SMT3HD_Reimagined/tools/references/Assembly-CSharp/Assembly-CSharp/Il2Cpp/fldFileResolver.cs,fldFileResolver.cs
fldResCollisionPolyFace_t,SMT3HD_Reimagined/tools/references/Assembly-CSharp/Assembly-CSharp/Il2Cpp/fldProgramHit_tag.cs,fldProgramHit_tag.cs
fldResCollisionPolyFace_t,SMT3HD_Reimagined/tools/references/Assembly-CSharp/Assembly-CSharp/Il2Cppfield_H/collision_s.cs,collision_s.cs
fldResCollisionPolyFace_t,SMT3HD_Reimagined/tools/references/Assembly-CSharp/Assembly-CSharp/Il2Cppfield_H/fldResCollisionPoly_t.cs,fldResCollisionPoly_t.cs
fldResCollisionPoly_t,SMT3HD_Reimagined/tools/references/Assembly-CSharp/Assembly-CSharp/Il2Cpp/fldFileResolver.cs,fldFileResolver.cs
fldResCollisionPoly_t,SMT3HD_Reimagined/tools/references/Assembly-CSharp/Assembly-CSharp/Il2Cpp/fldHit.cs,fldHit.cs
fldResCollisionPoly_t,SMT3HD_Reimagined/tools/references/Assembly-CSharp/Assembly-CSharp/Il2Cpp/fldProgramHit_tag.cs,fldProgramHit_tag.cs
fldResCollision_t,SMT3HD_Reimagined/tools/references/Assembly-CSharp/Assembly-CSharp/Il2Cpp/fldFileResolver.cs,fldFileResolver.cs
fldResEvent_t,SMT3HD_Reimagined/tools/references/Assembly-CSharp/Assembly-CSharp/Il2Cpp/fldFileResolver.cs,fldFileResolver.cs
fldResHeadAreaName_t,SMT3HD_Reimagined/tools/references/Assembly-CSharp/Assembly-CSharp/Il2Cpp/fldFileResolver.cs,fldFileResolver.cs
fldResHeadAreaName_t,SMT3HD_Reimagined/tools/references/Assembly-CSharp/Assembly-CSharp/Il2Cppfield_H/fldResHead_t.cs,fldResHead_t.cs
fldResHeadLinkData_t,SMT3HD_Reimagined/tools/references/Assembly-CSharp/Assembly-CSharp/Il2Cpp/fldFileResolver.cs,fldFileResolver.cs
fldResHeadLinkData_t,SMT3HD_Reimagined/tools/references/Assembly-CSharp/Assembly-CSharp/Il2Cppfield_H/fldResHeadLink_t.cs,fldResHeadLink_t.cs
fldResHeadLink_t,SMT3HD_Reimagined/tools/references/Assembly-CSharp/Assembly-CSharp/Il2Cpp/fldFileResolver.cs,fldFileResolver.cs
fldResHeadLink_t,SMT3HD_Reimagined/tools/references/Assembly-CSharp/Assembly-CSharp/Il2Cppfield_H/fldResHead_t.cs,fldResHead_t.cs
fldResHeadPos_t,SMT3HD_Reimagined/tools/references/Assembly-CSharp/Assembly-CSharp/Il2Cpp/fldFileResolver.cs,fldFileResolver.cs
fldResHeadPos_t,SMT3HD_Reimagined/tools/references/Assembly-CSharp/Assembly-CSharp/Il2Cpp/fldProgramEveHit_tag.cs,fldProgramEveHit_tag.cs
fldResHeadPos_t,SMT3HD_Reimagined/tools/references/Assembly-CSharp/Assembly-CSharp/Il2Cppfield_H/fldResHead_t.cs,fldResHead_t.cs
fldResHead_t,SMT3HD_Reimagined/tools/references/Assembly-CSharp/Assembly-CSharp/Il2Cpp/fldEveHit.cs,fldEveHit.cs
fldResHead_t,SMT3HD_Reimagined/tools/references/Assembly-CSharp/Assembly-CSharp/Il2Cpp/fldFileResolver.cs,fldFileResolver.cs
fldResHead_t,SMT3HD_Reimagined/tools/references/Assembly-CSharp/Assembly-CSharp/Il2Cpp/fldProgramEveHit_tag.cs,fldProgramEveHit_tag.cs
fldResHead_t,SMT3HD_Reimagined/tools/references/Assembly-CSharp/Assembly-CSharp/Il2Cppfield_H/fldResourceTypeTable_t.cs,fldResourceTypeTable_t.cs
fldResModel_t,SMT3HD_Reimagined/tools/references/Assembly-CSharp/Assembly-CSharp/Il2Cpp/fldFileResolver.cs,fldFileResolver.cs
fldResPutEveBall_t,SMT3HD_Reimagined/tools/references/Assembly-CSharp/Assembly-CSharp/Il2Cpp/fldFileResolver.cs,fldFileResolver.cs
fldResPutEveBall_t,SMT3HD_Reimagined/tools/references/Assembly-CSharp/Assembly-CSharp/Il2Cpp/fldProgramEveHit_tag.cs,fldProgramEveHit_tag.cs
fldResPutEveBall_t,SMT3HD_Reimagined/tools/references/Assembly-CSharp/Assembly-CSharp/Il2Cppfield_H/fldResPut_t.cs,fldResPut_t.cs
fldResPutEveBox_t,SMT3HD_Reimagined/tools/references/Assembly-CSharp/Assembly-CSharp/Il2Cpp/fldFileResolver.cs,fldFileResolver.cs
fldResPutEvePoly_t,SMT3HD_Reimagined/tools/references/Assembly-CSharp/Assembly-CSharp/Il2Cpp/fldFileResolver.cs,fldFileResolver.cs
fldResPutItemBox_t,SMT3HD_Reimagined/tools/references/Assembly-CSharp/Assembly-CSharp/Il2Cpp/fldFileResolver.cs,fldFileResolver.cs
fldResPutNpc_t,SMT3HD_Reimagined/tools/references/Assembly-CSharp/Assembly-CSharp/Il2Cpp/fldFileResolver.cs,fldFileResolver.cs
fldResPutSE_t,SMT3HD_Reimagined/tools/references/Assembly-CSharp/Assembly-CSharp/Il2Cpp/fldFileResolver.cs,fldFileResolver.cs
fldResPut_t,SMT3HD_Reimagined/tools/references/Assembly-CSharp/Assembly-CSharp/Il2Cpp/fldFileResolver.cs,fldFileResolver.cs
fldResPut_t,SMT3HD_Reimagined/tools/references/Assembly-CSharp/Assembly-CSharp/Il2Cpp/fldProgramEveHit_tag.cs,fldProgramEveHit_tag.cs
fldResPut_t,SMT3HD_Reimagined/tools/references/Assembly-CSharp/Assembly-CSharp/Il2Cppfield_H/fldResHead_t.cs,fldResHead_t.cs
fldResourceEffect_t,SMT3HD_Reimagined/tools/references/Assembly-CSharp/Assembly-CSharp/Il2Cpp/dds3EffectObjectBasic.cs,dds3EffectObjectBasic.cs
fldResourceEffect_t,SMT3HD_Reimagined/tools/references/Assembly-CSharp/Assembly-CSharp/Il2Cpp/fldFileResolver.cs,fldFileResolver.cs
fldResourceEffect_t,SMT3HD_Reimagined/tools/references/Assembly-CSharp/Assembly-CSharp/Il2Cppbasic_H/dds3EffectObjectBasicWorkData_t.cs,dds3EffectObjectBasicWorkData_t.cs
fldResourceLight_t,SMT3HD_Reimagined/tools/references/Assembly-CSharp/Assembly-CSharp/Il2Cpp/dds3LightObjectBasic.cs,dds3LightObjectBasic.cs
fldResourceLight_t,SMT3HD_Reimagined/tools/references/Assembly-CSharp/Assembly-CSharp/Il2Cpp/dds3UnityEx_Light.cs,dds3UnityEx_Light.cs
fldResourceLight_t,SMT3HD_Reimagined/tools/references/Assembly-CSharp/Assembly-CSharp/Il2Cpp/effBattle.cs,effBattle.cs
fldResourceLight_t,SMT3HD_Reimagined/tools/references/Assembly-CSharp/Assembly-CSharp/Il2Cpp/fldFileResolver.cs,fldFileResolver.cs
fldResourceLight_t,SMT3HD_Reimagined/tools/references/Assembly-CSharp/Assembly-CSharp/Il2Cpp/nbStageProcess.cs,nbStageProcess.cs
fldResourcePathTableInfo_t,SMT3HD_Reimagined/tools/references/Assembly-CSharp/Assembly-CSharp/Il2Cpp/fldFileResolver.cs,fldFileResolver.cs
fldResourcePathTable_t,SMT3HD_Reimagined/tools/references/Assembly-CSharp/Assembly-CSharp/Il2Cpp/fldFileResolver.cs,fldFileResolver.cs
fldResourcePathTable_t,SMT3HD_Reimagined/tools/references/Assembly-CSharp/Assembly-CSharp/Il2Cppfield_H/fldResourcePathTableInfo_t.cs,fldResourcePathTableInfo_t.cs
fldResourceTypeTable_t,SMT3HD_Reimagined/tools/references/Assembly-CSharp/Assembly-CSharp/Il2Cpp/fldFileResolver.cs,fldFileResolver.cs
fldResourceTypeTable_t,SMT3HD_Reimagined/tools/references/Assembly-CSharp/Assembly-CSharp/Il2Cppfield_H/fldFileInfoHeaderFL1_t.cs,fldFileInfoHeaderFL1_t.cs
fldResourceTypeTable_t,SMT3HD_Reimagined/tools/references/Assembly-CSharp/Assembly-CSharp/Il2Cppfield_H/fldFileInfoHeaderFL2_t.cs,fldFileInfoHeaderFL2_t.cs
sdfMatDef_t,SMT3HD_Reimagined/tools/references/Assembly-CSharp/Assembly-CSharp/Il2Cpp/fldFileResolver.cs,fldFileResolver.cs
sdfMatDef_t,SMT3HD_Reimagined/tools/references/Assembly-CSharp/Assembly-CSharp/Il2Cpp/sdfMat.cs,sdfMat.cs
sdfMatDef_t,SMT3HD_Reimagined/tools/references/Assembly-CSharp/Assembly-CSharp/Il2Cpplibsdf_H/sdfModelDef_t.cs,sdfModelDef_t.cs
sdfMemHandle_t,SMT3HD_Reimagined/tools/references/Assembly-CSharp/Assembly-CSharp/Il2Cpp/dds3BezierTrackPoly_tag.cs,dds3BezierTrackPoly_tag.cs
sdfMemHandle_t,SMT3HD_Reimagined/tools/references/Assembly-CSharp/Assembly-CSharp/Il2Cpp/dds3MagatuhiBill_tag.cs,dds3MagatuhiBill_tag.cs
sdfMemHandle_t,SMT3HD_Reimagined/tools/references/Assembly-CSharp/Assembly-CSharp/Il2Cpp/dds3NeedleModel_tag.cs,dds3NeedleModel_tag.cs
sdfMemHandle_t,SMT3HD_Reimagined/tools/references/Assembly-CSharp/Assembly-CSharp/Il2Cpp/dds3RingPolyExpList_tag.cs,dds3RingPolyExpList_tag.cs
sdfMemHandle_t,SMT3HD_Reimagined/tools/references/Assembly-CSharp/Assembly-CSharp/Il2Cpp/dds3ScatterPolyList_tag.cs,dds3ScatterPolyList_tag.cs
sdfMemHandle_t,SMT3HD_Reimagined/tools/references/Assembly-CSharp/Assembly-CSharp/Il2Cpp/dds3WhirlwindPolyList_tag.cs,dds3WhirlwindPolyList_tag.cs
sdfMemHandle_t,SMT3HD_Reimagined/tools/references/Assembly-CSharp/Assembly-CSharp/Il2Cpp/effAPPoint4_tag.cs,effAPPoint4_tag.cs
sdfMemHandle_t,SMT3HD_Reimagined/tools/references/Assembly-CSharp/Assembly-CSharp/Il2Cpp/effBattleSystem.cs,effBattleSystem.cs
sdfMemHandle_t,SMT3HD_Reimagined/tools/references/Assembly-CSharp/Assembly-CSharp/Il2Cpp/effMagaCylinder_tag.cs,effMagaCylinder_tag.cs
sdfMemHandle_t,SMT3HD_Reimagined/tools/references/Assembly-CSharp/Assembly-CSharp/Il2Cpp/effMagaPoint4_tag.cs,effMagaPoint4_tag.cs
sdfMemHandle_t,SMT3HD_Reimagined/tools/references/Assembly-CSharp/Assembly-CSharp/Il2Cpp/effMagaSmokeConv_tag.cs,effMagaSmokeConv_tag.cs
sdfMemHandle_t,SMT3HD_Reimagined/tools/references/Assembly-CSharp/Assembly-CSharp/Il2Cpp/effMagaSmoke_tag.cs,effMagaSmoke_tag.cs
sdfMemHandle_t,SMT3HD_Reimagined/tools/references/Assembly-CSharp/Assembly-CSharp/Il2Cpp/effMagaSpiral_tag.cs,effMagaSpiral_tag.cs
sdfMemHandle_t,SMT3HD_Reimagined/tools/references/Assembly-CSharp/Assembly-CSharp/Il2Cpp/effPCPAgiFireball_tag.cs,effPCPAgiFireball_tag.cs
sdfMemHandle_t,SMT3HD_Reimagined/tools/references/Assembly-CSharp/Assembly-CSharp/Il2Cpp/effPCPBezierBill_tag.cs,effPCPBezierBill_tag.cs
sdfMemHandle_t,SMT3HD_Reimagined/tools/references/Assembly-CSharp/Assembly-CSharp/Il2Cpp/effPCPHamaCardSphere_tag.cs,effPCPHamaCardSphere_tag.cs
sdfMemHandle_t,SMT3HD_Reimagined/tools/references/Assembly-CSharp/Assembly-CSharp/Il2Cpp/effPCPHamaCardSpiral_tag.cs,effPCPHamaCardSpiral_tag.cs
sdfMemHandle_t,SMT3HD_Reimagined/tools/references/Assembly-CSharp/Assembly-CSharp/Il2Cpp/effPCPMudo_tag.cs,effPCPMudo_tag.cs
sdfMemHandle_t,SMT3HD_Reimagined/tools/references/Assembly-CSharp/Assembly-CSharp/Il2Cpp/effPCPNeedleSpiral_tag.cs,effPCPNeedleSpiral_tag.cs
sdfMemHandle_t,SMT3HD_Reimagined/tools/references/Assembly-CSharp/Assembly-CSharp/Il2Cpp/effPCPRadiateBED_tag.cs,effPCPRadiateBED_tag.cs
sdfMemHandle_t,SMT3HD_Reimagined/tools/references/Assembly-CSharp/Assembly-CSharp/Il2Cpp/effPCPRadiateTB_tag.cs,effPCPRadiateTB_tag.cs
sdfMemHandle_t,SMT3HD_Reimagined/tools/references/Assembly-CSharp/Assembly-CSharp/Il2Cpp/effPCPRadiateThunder_tag.cs,effPCPRadiateThunder_tag.cs
sdfMemHandle_t,SMT3HD_Reimagined/tools/references/Assembly-CSharp/Assembly-CSharp/Il2Cpp/effPCPSpiralBED_tag.cs,effPCPSpiralBED_tag.cs
sdfMemHandle_t,SMT3HD_Reimagined/tools/references/Assembly-CSharp/Assembly-CSharp/Il2Cpp/effPCPWhirlwind2Poly_tag.cs,effPCPWhirlwind2Poly_tag.cs
sdfMemHandle_t,SMT3HD_Reimagined/tools/references/Assembly-CSharp/Assembly-CSharp/Il2Cpp/effPCPWhirlwind3Poly_tag.cs,effPCPWhirlwind3Poly_tag.cs
sdfMemHandle_t,SMT3HD_Reimagined/tools/references/Assembly-CSharp/Assembly-CSharp/Il2Cpp/effPCPWhirlwindPoly_tag.cs,effPCPWhirlwindPoly_tag.cs
sdfMemHandle_t,SMT3HD_Reimagined/tools/references/Assembly-CSharp/Assembly-CSharp/Il2Cpp/effPCPWwSpherePoly_tag.cs,effPCPWwSpherePoly_tag.cs
sdfMemHandle_t,SMT3HD_Reimagined/tools/references/Assembly-CSharp/Assembly-CSharp/Il2Cpp/fclCombineAct.cs,fclCombineAct.cs
sdfMemHandle_t,SMT3HD_Reimagined/tools/references/Assembly-CSharp/Assembly-CSharp/Il2Cpp/fclEncyc.cs,fclEncyc.cs
sdfMemHandle_t,SMT3HD_Reimagined/tools/references/Assembly-CSharp/Assembly-CSharp/Il2Cpp/fclShare.cs,fclShare.cs
sdfMemHandle_t,SMT3HD_Reimagined/tools/references/Assembly-CSharp/Assembly-CSharp/Il2Cpp/file_Manager.cs,file_Manager.cs
sdfMemHandle_t,SMT3HD_Reimagined/tools/references/Assembly-CSharp/Assembly-CSharp/Il2Cpp/fldAutoMap.cs,fldAutoMap.cs
sdfMemHandle_t,SMT3HD_Reimagined/tools/references/Assembly-CSharp/Assembly-CSharp/Il2Cpp/fldFileResolver.cs,fldFileResolver.cs
sdfMemHandle_t,SMT3HD_Reimagined/tools/references/Assembly-CSharp/Assembly-CSharp/Il2Cpp/fldHit.cs,fldHit.cs
sdfMemHandle_t,SMT3HD_Reimagined/tools/references/Assembly-CSharp/Assembly-CSharp/Il2Cpp/fldMain.cs,fldMain.cs
sdfMemHandle_t,SMT3HD_Reimagined/tools/references/Assembly-CSharp/Assembly-CSharp/Il2Cpp/fldSnow.cs,fldSnow.cs
sdfMemHandle_t,SMT3HD_Reimagined/tools/references/Assembly-CSharp/Assembly-CSharp/Il2Cpp/fldTest.cs,fldTest.cs
sdfMemHandle_t,SMT3HD_Reimagined/tools/references/Assembly-CSharp/Assembly-CSharp/Il2Cpp/fld_Npc.cs,fld_Npc.cs
sdfMemHandle_t,SMT3HD_Reimagined/tools/references/Assembly-CSharp/Assembly-CSharp/Il2Cpp/frFontData_t.cs,frFontData_t.cs
sdfMemHandle_t,SMT3HD_Reimagined/tools/references/Assembly-CSharp/Assembly-CSharp/Il2Cpp/mdlManager.cs,mdlManager.cs
sdfMemHandle_t,SMT3HD_Reimagined/tools/references/Assembly-CSharp/Assembly-CSharp/Il2Cpp/mesflow_tag.cs,mesflow_tag.cs
sdfMemHandle_t,SMT3HD_Reimagined/tools/references/Assembly-CSharp/Assembly-CSharp/Il2Cpp/mselGlobal.cs,mselGlobal.cs
sdfMemHandle_t,SMT3HD_Reimagined/tools/references/Assembly-CSharp/Assembly-CSharp/Il2Cpp/nbCameraHelper.cs,nbCameraHelper.cs
sdfMemHandle_t,SMT3HD_Reimagined/tools/references/Assembly-CSharp/Assembly-CSharp/Il2Cpp/nbE905.cs,nbE905.cs
sdfMemHandle_t,SMT3HD_Reimagined/tools/references/Assembly-CSharp/Assembly-CSharp/Il2Cpp/nbE907.cs,nbE907.cs
sdfMemHandle_t,SMT3HD_Reimagined/tools/references/Assembly-CSharp/Assembly-CSharp/Il2Cpp/nbE909.cs,nbE909.cs
sdfMemHandle_t,SMT3HD_Reimagined/tools/references/Assembly-CSharp/Assembly-CSharp/Il2Cpp/nbPanelProcess.cs,nbPanelProcess.cs
sdfMemHandle_t,SMT3HD_Reimagined/tools/references/Assembly-CSharp/Assembly-CSharp/Il2Cpp/nbResultProcess.cs,nbResultProcess.cs
sdfMemHandle_t,SMT3HD_Reimagined/tools/references/Assembly-CSharp/Assembly-CSharp/Il2Cpp/pbMain.cs,pbMain.cs
sdfMemHandle_t,SMT3HD_Reimagined/tools/references/Assembly-CSharp/Assembly-CSharp/Il2Cpp/pipeObject.cs,pipeObject.cs
sdfMemHandle_t,SMT3HD_Reimagined/tools/references/Assembly-CSharp/Assembly-CSharp/Il2Cpp/pipeResult.cs,pipeResult.cs
sdfMemHandle_t,SMT3HD_Reimagined/tools/references/Assembly-CSharp/Assembly-CSharp/Il2Cpp/sdfDevFile.cs,sdfDevFile.cs
sdfMemHandle_t,SMT3HD_Reimagined/tools/references/Assembly-CSharp/Assembly-CSharp/Il2Cpp/sdfMemHandle_tag.cs,sdfMemHandle_tag.cs
sdfMemHandle_t,SMT3HD_Reimagined/tools/references/Assembly-CSharp/Assembly-CSharp/Il2Cpp/sdfMemory.cs,sdfMemory.cs
sdfMemHandle_t,SMT3HD_Reimagined/tools/references/Assembly-CSharp/Assembly-CSharp/Il2Cpp/slMain.cs,slMain.cs
sdfMemHandle_t,SMT3HD_Reimagined/tools/references/Assembly-CSharp/Assembly-CSharp/Il2Cpp/stfGlobal.cs,stfGlobal.cs
sdfMemHandle_t,SMT3HD_Reimagined/tools/references/Assembly-CSharp/Assembly-CSharp/Il2Cpp/variable_tag.cs,variable_tag.cs
sdfMemHandle_t,SMT3HD_Reimagined/tools/references/Assembly-CSharp/Assembly-CSharp/Il2Cppbasic_H/dds3ModelRangeBasicWorkData_t.cs,dds3ModelRangeBasicWorkData_t.cs
sdfMemHandle_t,SMT3HD_Reimagined/tools/references/Assembly-CSharp/Assembly-CSharp/Il2Cppbasic_H/dds3SceneBasic_t.cs,dds3SceneBasic_t.cs
sdfMemHandle_t,SMT3HD_Reimagined/tools/references/Assembly-CSharp/Assembly-CSharp/Il2Cppbasic_H/dds3WorldBasic_t.cs,dds3WorldBasic_t.cs
sdfMemHandle_t,SMT3HD_Reimagined/tools/references/Assembly-CSharp/Assembly-CSharp/Il2Cppcamp_H/cmpDataDH_t.cs,cmpDataDH_t.cs
sdfMemHandle_t,SMT3HD_Reimagined/tools/references/Assembly-CSharp/Assembly-CSharp/Il2Cppcamp_H/cmpDataPanelEff_t.cs,cmpDataPanelEff_t.cs
sdfMemHandle_t,SMT3HD_Reimagined/tools/references/Assembly-CSharp/Assembly-CSharp/Il2Cppcamp_H/cmpDataStatus_t.cs,cmpDataStatus_t.cs
sdfMemHandle_t,SMT3HD_Reimagined/tools/references/Assembly-CSharp/Assembly-CSharp/Il2Cppcamp_H/cmpDataStock_t.cs,cmpDataStock_t.cs
sdfMemHandle_t,SMT3HD_Reimagined/tools/references/Assembly-CSharp/Assembly-CSharp/Il2Cppcamp_H/cmpGlobalWork_t.cs,cmpGlobalWork_t.cs
sdfMemHandle_t,SMT3HD_Reimagined/tools/references/Assembly-CSharp/Assembly-CSharp/Il2Cppdds3ConfigMain_H/dds3ConfigGBWK_t.cs,dds3ConfigGBWK_t.cs
sdfMemHandle_t,SMT3HD_Reimagined/tools/references/Assembly-CSharp/Assembly-CSharp/Il2Cppdds3GlobalWork_H/dds3GlobalWork_t.cs,dds3GlobalWork_t.cs
sdfMemHandle_t,SMT3HD_Reimagined/tools/references/Assembly-CSharp/Assembly-CSharp/Il2Cppeffect_H/dds3BillResource_tag.cs,dds3BillResource_tag.cs
sdfMemHandle_t,SMT3HD_Reimagined/tools/references/Assembly-CSharp/Assembly-CSharp/Il2Cppeffect_H/dds3Effect_RippleBlur_t.cs,dds3Effect_RippleBlur_t.cs
sdfMemHandle_t,SMT3HD_Reimagined/tools/references/Assembly-CSharp/Assembly-CSharp/Il2Cppeffect_H/dds3FlashPolyList_t.cs,dds3FlashPolyList_t.cs
sdfMemHandle_t,SMT3HD_Reimagined/tools/references/Assembly-CSharp/Assembly-CSharp/Il2Cppeffect_H/dds3HermitianTrackPoly_tag.cs,dds3HermitianTrackPoly_tag.cs
sdfMemHandle_t,SMT3HD_Reimagined/tools/references/Assembly-CSharp/Assembly-CSharp/Il2Cppeffect_H/dds3ParOffsetBuff_t.cs,dds3ParOffsetBuff_t.cs
sdfMemHandle_t,SMT3HD_Reimagined/tools/references/Assembly-CSharp/Assembly-CSharp/Il2Cppeffect_H/dds3Particle_BlurBuff_t.cs,dds3Particle_BlurBuff_t.cs
sdfMemHandle_t,SMT3HD_Reimagined/tools/references/Assembly-CSharp/Assembly-CSharp/Il2Cppeffect_H/dds3TrackPoly_t.cs,dds3TrackPoly_t.cs
sdfMemHandle_t,SMT3HD_Reimagined/tools/references/Assembly-CSharp/Assembly-CSharp/Il2Cppeffect_H/effBTL_t.cs,effBTL_t.cs
sdfMemHandle_t,SMT3HD_Reimagined/tools/references/Assembly-CSharp/Assembly-CSharp/Il2Cppeffect_H/effBezier4P_t.cs,effBezier4P_t.cs
sdfMemHandle_t,SMT3HD_Reimagined/tools/references/Assembly-CSharp/Assembly-CSharp/Il2Cppeffect_H/effEVECombParSmoke_t.cs,effEVECombParSmoke_t.cs
sdfMemHandle_t,SMT3HD_Reimagined/tools/references/Assembly-CSharp/Assembly-CSharp/Il2Cppeffect_H/effMTPolyListHandle_t.cs,effMTPolyListHandle_t.cs
sdfMemHandle_t,SMT3HD_Reimagined/tools/references/Assembly-CSharp/Assembly-CSharp/Il2Cppeffect_H/effPCPBossKAGUInvoke_t.cs,effPCPBossKAGUInvoke_t.cs
sdfMemHandle_t,SMT3HD_Reimagined/tools/references/Assembly-CSharp/Assembly-CSharp/Il2Cppeffect_H/effPCPCrack_t.cs,effPCPCrack_t.cs
sdfMemHandle_t,SMT3HD_Reimagined/tools/references/Assembly-CSharp/Assembly-CSharp/Il2Cppeffect_H/effPCPThunderSpherePolyLow_t.cs,effPCPThunderSpherePolyLow_t.cs
sdfMemHandle_t,SMT3HD_Reimagined/tools/references/Assembly-CSharp/Assembly-CSharp/Il2Cppeffect_H/effPCPThunderSpherePoly_t.cs,effPCPThunderSpherePoly_t.cs
sdfMemHandle_t,SMT3HD_Reimagined/tools/references/Assembly-CSharp/Assembly-CSharp/Il2Cppeffect_H/effPCP_ThunderPolyLow_t.cs,effPCP_ThunderPolyLow_t.cs
sdfMemHandle_t,SMT3HD_Reimagined/tools/references/Assembly-CSharp/Assembly-CSharp/Il2Cppeffect_H/effPCP_ThunderRadiatePoly_t.cs,effPCP_ThunderRadiatePoly_t.cs
sdfMemHandle_t,SMT3HD_Reimagined/tools/references/Assembly-CSharp/Assembly-CSharp/Il2Cppevent_H/pmdProcessWork_t.cs,pmdProcessWork_t.cs
sdfMemHandle_t,SMT3HD_Reimagined/tools/references/Assembly-CSharp/Assembly-CSharp/Il2Cppfacility_H/cmbGlobalWork_t.cs,cmbGlobalWork_t.cs
sdfMemHandle_t,SMT3HD_Reimagined/tools/references/Assembly-CSharp/Assembly-CSharp/Il2Cppfacility_H/cmbModelPack_t.cs,cmbModelPack_t.cs
sdfMemHandle_t,SMT3HD_Reimagined/tools/references/Assembly-CSharp/Assembly-CSharp/Il2Cppfacility_H/fclDataTerminal_t.cs,fclDataTerminal_t.cs
sdfMemHandle_t,SMT3HD_Reimagined/tools/references/Assembly-CSharp/Assembly-CSharp/Il2Cppfield_H/fldGlobalWork_t.cs,fldGlobalWork_t.cs
sdfMemHandle_t,SMT3HD_Reimagined/tools/references/Assembly-CSharp/Assembly-CSharp/Il2CppfileManager_H/fileCb_t.cs,fileCb_t.cs
sdfMemHandle_t,SMT3HD_Reimagined/tools/references/Assembly-CSharp/Assembly-CSharp/Il2Cpplibsdf_H/sdfIpuDecodeCb_t.cs,sdfIpuDecodeCb_t.cs
sdfMemHandle_t,SMT3HD_Reimagined/tools/references/Assembly-CSharp/Assembly-CSharp/Il2Cpplibsdf_H/sdfMatList_t.cs,sdfMatList_t.cs
sdfMemHandle_t,SMT3HD_Reimagined/tools/references/Assembly-CSharp/Assembly-CSharp/Il2Cpplibsdf_H/sdfModelMorphList_t.cs,sdfModelMorphList_t.cs
sdfMemHandle_t,SMT3HD_Reimagined/tools/references/Assembly-CSharp/Assembly-CSharp/Il2Cpplibsdf_H/sdfModelNodeList_t.cs,sdfModelNodeList_t.cs
sdfMemHandle_t,SMT3HD_Reimagined/tools/references/Assembly-CSharp/Assembly-CSharp/Il2Cpplibsdf_H/sdfModelNode_t.cs,sdfModelNode_t.cs
sdfMemHandle_t,SMT3HD_Reimagined/tools/references/Assembly-CSharp/Assembly-CSharp/Il2Cpplibsdf_H/sdfModelPacketHeader_tag.cs,sdfModelPacketHeader_tag.cs
sdfMemHandle_t,SMT3HD_Reimagined/tools/references/Assembly-CSharp/Assembly-CSharp/Il2Cpplibsdf_H/sdfModelTexList_t.cs,sdfModelTexList_t.cs
sdfMemHandle_t,SMT3HD_Reimagined/tools/references/Assembly-CSharp/Assembly-CSharp/Il2Cpplibsdf_H/sdfMotionCtrlr_t.cs,sdfMotionCtrlr_t.cs
sdfMemHandle_t,SMT3HD_Reimagined/tools/references/Assembly-CSharp/Assembly-CSharp/Il2Cpplibsdf_H/sdfMotionNodeList_t.cs,sdfMotionNodeList_t.cs
sdfMemHandle_t,SMT3HD_Reimagined/tools/references/Assembly-CSharp/Assembly-CSharp/Il2Cppmodel_H/dds3ModelResrcPlayBook_t.cs,dds3ModelResrcPlayBook_t.cs
sdfMemHandle_t,SMT3HD_Reimagined/tools/references/Assembly-CSharp/Assembly-CSharp/Il2Cppmodel_H/dds3ModelResrc_t.cs,dds3ModelResrc_t.cs
sdfMemHandle_t,SMT3HD_Reimagined/tools/references/Assembly-CSharp/Assembly-CSharp/Il2Cppmodel_H/mdlEffectResrcItem_t.cs,mdlEffectResrcItem_t.cs
sdfMemHandle_t,SMT3HD_Reimagined/tools/references/Assembly-CSharp/Assembly-CSharp/Il2Cppmodel_H/mdlEffectResrcList_t.cs,mdlEffectResrcList_t.cs
sdfMemHandle_t,SMT3HD_Reimagined/tools/references/Assembly-CSharp/Assembly-CSharp/Il2Cppname_H/nmeData_t.cs,nmeData_t.cs
sdfMemHandle_t,SMT3HD_Reimagined/tools/references/Assembly-CSharp/Assembly-CSharp/Il2Cppnewbattle_H/nbActionProcessData_t.cs,nbActionProcessData_t.cs
sdfMemHandle_t,SMT3HD_Reimagined/tools/references/Assembly-CSharp/Assembly-CSharp/Il2Cppnewbattle_H/nbCommSelProcessData_t.cs,nbCommSelProcessData_t.cs
sdfMemHandle_t,SMT3HD_Reimagined/tools/references/Assembly-CSharp/Assembly-CSharp/Il2Cppnewbattle_H/nbEventProcessData_t.cs,nbEventProcessData_t.cs
sdfMemHandle_t,SMT3HD_Reimagined/tools/references/Assembly-CSharp/Assembly-CSharp/Il2Cppnewbattle_H/nbMainProcessData_t.cs,nbMainProcessData_t.cs
sdfMemHandle_t,SMT3HD_Reimagined/tools/references/Assembly-CSharp/Assembly-CSharp/Il2Cpppipe_H/PIPE_EFF_t.cs,PIPE_EFF_t.cs
sdfMemHandle_t,SMT3HD_Reimagined/tools/references/Assembly-CSharp/Assembly-CSharp/Il2Cpppipe_H/tagPipePosTable.cs,tagPipePosTable.cs
sdfMemHandle_t,SMT3HD_Reimagined/tools/references/Assembly-CSharp/Assembly-CSharp/Il2Cpppipe_H/tagPipeTable.cs,tagPipeTable.cs
sdfMemHandle_t,SMT3HD_Reimagined/tools/references/Assembly-CSharp/Assembly-CSharp/Il2Cpppipe_H/tagPipeTexture.cs,tagPipeTexture.cs
sdfMemHandle_t,SMT3HD_Reimagined/tools/references/Assembly-CSharp/Assembly-CSharp/Il2Cppresult2_H/rstData_t.cs,rstData_t.cs
sdfMemHandle_t,SMT3HD_Reimagined/tools/references/Assembly-CSharp/Assembly-CSharp/Il2Cppscr_H/scrProcessWork_s.cs,scrProcessWork_s.cs
sdfModelDef_t,SMT3HD_Reimagined/tools/references/Assembly-CSharp/Assembly-CSharp/Il2Cpp/dds3ModelBasic.cs,dds3ModelBasic.cs
sdfModelDef_t,SMT3HD_Reimagined/tools/references/Assembly-CSharp/Assembly-CSharp/Il2Cpp/fldFileResolver.cs,fldFileResolver.cs
sdfModelDef_t,SMT3HD_Reimagined/tools/references/Assembly-CSharp/Assembly-CSharp/Il2Cpp/sdfModel.cs,sdfModel.cs
sdfModelDef_t,SMT3HD_Reimagined/tools/references/Assembly-CSharp/Assembly-CSharp/Il2Cppbasic_H/dds3ModelBasicWorkData_t.cs,dds3ModelBasicWorkData_t.cs
sdfModelDef_t,SMT3HD_Reimagined/tools/references/Assembly-CSharp/Assembly-CSharp/Il2Cppfield_H/fldAmMdl_t.cs,fldAmMdl_t.cs
sdfModelDef_t,SMT3HD_Reimagined/tools/references/Assembly-CSharp/Assembly-CSharp/Il2Cppmodel_H/dds3ModelResrc_t.cs,dds3ModelResrc_t.cs
sdfModelNodeDef_t,SMT3HD_Reimagined/tools/references/Assembly-CSharp/Assembly-CSharp/Il2Cpp/fldFileResolver.cs,fldFileResolver.cs
sdfModelNodeDef_t,SMT3HD_Reimagined/tools/references/Assembly-CSharp/Assembly-CSharp/Il2Cpp/sdfModel.cs,sdfModel.cs
sdfModelNodeDef_t,SMT3HD_Reimagined/tools/references/Assembly-CSharp/Assembly-CSharp/Il2Cpp/sdfModelUnity.cs,sdfModelUnity.cs
sdfModelNodeDef_t,SMT3HD_Reimagined/tools/references/Assembly-CSharp/Assembly-CSharp/Il2Cpplibsdf_H/sdfModelDef_t.cs,sdfModelDef_t.cs
sdfModelNodeDef_t,SMT3HD_Reimagined/tools/references/Assembly-CSharp/Assembly-CSharp/Il2Cpplibsdf_H/sdfModelNode_t.cs,sdfModelNode_t.cs
sdfModelTexList_t,SMT3HD_Reimagined/tools/references/Assembly-CSharp/Assembly-CSharp/Il2Cpp/dds3ModelBasic.cs,dds3ModelBasic.cs
sdfModelTexList_t,SMT3HD_Reimagined/tools/references/Assembly-CSharp/Assembly-CSharp/Il2Cpp/fldFileResolver.cs,fldFileResolver.cs
sdfModelTexList_t,SMT3HD_Reimagined/tools/references/Assembly-CSharp/Assembly-CSharp/Il2Cpp/sdfDevFile.cs,sdfDevFile.cs
sdfModelTexList_t,SMT3HD_Reimagined/tools/references/Assembly-CSharp/Assembly-CSharp/Il2Cpp/sdfMat.cs,sdfMat.cs
sdfModelTexList_t,SMT3HD_Reimagined/tools/references/Assembly-CSharp/Assembly-CSharp/Il2Cpp/sdfModel.cs,sdfModel.cs
sdfModelTexList_t,SMT3HD_Reimagined/tools/references/Assembly-CSharp/Assembly-CSharp/Il2Cpp/sdfModelUnity.cs,sdfModelUnity.cs
sdfModelTexList_t,SMT3HD_Reimagined/tools/references/Assembly-CSharp/Assembly-CSharp/Il2Cppbasic_H/dds3ModelBasicWorkData_t.cs,dds3ModelBasicWorkData_t.cs
sdfModelTexList_t,SMT3HD_Reimagined/tools/references/Assembly-CSharp/Assembly-CSharp/Il2Cpplibsdf_H/sdfModelRootNode_t.cs,sdfModelRootNode_t.cs
sdfModelTexList_t,SMT3HD_Reimagined/tools/references/Assembly-CSharp/Assembly-CSharp/Il2Cppmodel_H/dds3ModelResrc_t.cs,dds3ModelResrc_t.cs
sdfMotionCutChunk_t,SMT3HD_Reimagined/tools/references/Assembly-CSharp/Assembly-CSharp/Il2Cpp/fldFileResolver.cs,fldFileResolver.cs
sdfMotionCutChunk_t,SMT3HD_Reimagined/tools/references/Assembly-CSharp/Assembly-CSharp/Il2Cpp/sdfMotion.cs,sdfMotion.cs
sdfMotionCutChunk_t,SMT3HD_Reimagined/tools/references/Assembly-CSharp/Assembly-CSharp/Il2Cpplibsdf_H/sdfMotCLBK_SetCut_t.cs,sdfMotCLBK_SetCut_t.cs
sdfMotionCutChunk_t,SMT3HD_Reimagined/tools/references/Assembly-CSharp/Assembly-CSharp/Il2Cpplibsdf_H/sdfMotionCutDef_t.cs,sdfMotionCutDef_t.cs
sdfMotionCutChunk_t,SMT3HD_Reimagined/tools/references/Assembly-CSharp/Assembly-CSharp/Il2Cpplibsdf_H/sdfMotionNode_t.cs,sdfMotionNode_t.cs
sdfMotionCutDef_t,SMT3HD_Reimagined/tools/references/Assembly-CSharp/Assembly-CSharp/Il2Cpp/fldFileResolver.cs,fldFileResolver.cs
sdfMotionCutDef_t,SMT3HD_Reimagined/tools/references/Assembly-CSharp/Assembly-CSharp/Il2Cpplibsdf_H/sdfMotionPlayBook_t.cs,sdfMotionPlayBook_t.cs
sdfMotionNodeDef_t,SMT3HD_Reimagined/tools/references/Assembly-CSharp/Assembly-CSharp/Il2Cpp/fldFileResolver.cs,fldFileResolver.cs
sdfMotionNodeDef_t,SMT3HD_Reimagined/tools/references/Assembly-CSharp/Assembly-CSharp/Il2Cpplibsdf_H/sdfMotionPlayBook_t.cs,sdfMotionPlayBook_t.cs
sdfMotionPlayBook_t,SMT3HD_Reimagined/tools/references/Assembly-CSharp/Assembly-CSharp/Il2Cpp/dds3ModelBasic.cs,dds3ModelBasic.cs
sdfMotionPlayBook_t,SMT3HD_Reimagined/tools/references/Assembly-CSharp/Assembly-CSharp/Il2Cpp/fldFileResolver.cs,fldFileResolver.cs
sdfMotionPlayBook_t,SMT3HD_Reimagined/tools/references/Assembly-CSharp/Assembly-CSharp/Il2Cpp/sdfMotion.cs,sdfMotion.cs
sdfMotionPlayBook_t,SMT3HD_Reimagined/tools/references/Assembly-CSharp/Assembly-CSharp/Il2Cppbasic_H/dds3ModelBasicWorkData_t.cs,dds3ModelBasicWorkData_t.cs
sdfMotionPlayBook_t,SMT3HD_Reimagined/tools/references/Assembly-CSharp/Assembly-CSharp/Il2Cpplibsdf_H/sdfMotionCtrlr_t.cs,sdfMotionCtrlr_t.cs
sdfMotionPlayBook_t,SMT3HD_Reimagined/tools/references/Assembly-CSharp/Assembly-CSharp/Il2Cppmodel_H/dds3ModelResrcPlayBook_t.cs,dds3ModelResrcPlayBook_t.cs
