native_ptr_name,token,group
Get_Public_Static_UInt32_Int32_Int32_UInt32_0,100672540,datAisyo
datGetBaseMaxHp_Public_Static_Int32_datUnitWork_t_0,100672544,datCalc
datGetBaseMaxMp_Public_Static_Int32_datUnitWork_t_0,100672545,datCalc
datGetNormalAtkPow_Public_Static_Int32_datUnitWork_t_0,100672546,datCalc
datGetMagicHitPow_Public_Static_Int32_datUnitWork_t_0,100672547,datCalc
datGetDefPow_Public_Static_Int32_datUnitWork_t_0,100672548,datCalc
datGetSakePow_Public_Static_Int32_datUnitWork_t_0,100672549,datCalc
GetButuriAttack_Public_Static_Int32_Int32_datUnitWork_t_datUnitWork_t_Int32_0,100672550,datCalc
GetButuriKaifuku_Public_Static_Int32_Int32_datUnitWork_t_datUnitWork_t_Int32_0,100672551,datCalc
GetMagicAttack_Public_Static_Int32_Int32_datUnitWork_t_datUnitWork_t_Int32_0,100672552,datCalc
GetMagicKaifuku_Public_Static_Int32_Int32_datUnitWork_t_datUnitWork_t_Int32_0,100672553,datCalc
GetMaxHpWazaPoint_Public_Static_Int32_Int32_datUnitWork_t_datUnitWork_t_Int32_0,100672554,datCalc
GetAisyoRitu_Public_Static_Single_Int32_datUnitWork_t_datUnitWork_t_0,100672555,datCalc
datGetSkillKouka_Public_Static_Int32_Int32_Int32_datUnitWork_t_datUnitWork_t_0,100672556,datCalc
datGetSkillBadKouka_Public_Static_Int32_Int32_datUnitWork_t_datUnitWork_t_0,100672557,datCalc
datExecSkill_Public_Static_Int32_Int32_datUnitWork_t_datUnitWork_t_0,100672558,datCalc
datOverwriteBadStat_Public_Static_Void_datUnitWork_t_UInt32_0,100672559,datCalc
datSetBadStat_Public_Static_Void_datUnitWork_t_UInt32_0,100672560,datCalc
datResetBadStat_Public_Static_Void_datUnitWork_t_UInt32_0,100672561,datCalc
datGetMaxHp_Public_Static_UInt32_datUnitWork_t_0,100672562,datCalc
datGetMaxMp_Public_Static_UInt32_datUnitWork_t_0,100672563,datCalc
datAddHp_Public_Static_UInt32_datUnitWork_t_Int32_0,100672564,datCalc
datAddMp_Public_Static_UInt32_datUnitWork_t_Int32_0,100672565,datCalc
datGetBaseParam_Public_Static_Int32_datUnitWork_t_Int32_0,100672566,datCalc
datGetParam_Public_Static_Int32_datUnitWork_t_Int32_0,100672567,datCalc
datCheckSyojiSkill_Public_Static_Int32_datUnitWork_t_UInt32_0,100672568,datCalc
datGetAisyo_Public_Static_UInt32_datUnitWork_t_Int32_0,100672569,datCalc
datGetAisyoFlag_Public_Static_Int32_datUnitWork_t_Int32_0,100672570,datCalc
datGetBadStatusAttr_Public_Static_Int32_Int32_0,100672571,datCalc
datCheckDying_Public_Static_Int32_datUnitWork_t_0,100672572,datCalc
datAddMaka_Public_Static_Void_Int32_0,100672573,datCalc
datAddMakaPar_Public_Static_Void_Int32_0,100672574,datCalc
datCheckMaka_Public_Static_Int32_Int32_0,100672575,datCalc
datAddItem_Public_Static_Void_Int32_Int32_0,100672576,datCalc
datCheckItem_Public_Static_Int32_Int32_Int32_0,100672577,datCalc
datCheckItemFull_Public_Static_Int32_Int32_0,100672578,datCalc
datGetRace_Public_Static_Int32_datUnitWork_t_0,100672579,datCalc
datCheckTalk_Public_Static_Int32_datUnitWork_t_0,100672580,datCalc
datSearchDevilStock_Public_Static_Int32_Int32_0,100672581,datCalc
datGetPlayerLevel_Public_Static_Int32_0,100672582,datCalc
datCheckPlayerDead_Public_Static_Int32_0,100672583,datCalc
datGetPlayerParam_Public_Static_Int32_Int32_0,100672584,datCalc
datAddPlayerParam_Public_Static_Void_Int32_Int32_0,100672585,datCalc
datGetNakamaParam_Public_Static_Int32_Int32_Int32_0,100672586,datCalc
datGetPlayerLND_Public_Static_Int32_0,100672587,datCalc
datDeadNakama_Public_Static_Void_Int32_0,100672588,datCalc
datPartyDamage_Public_Static_Void_Int32_0,100672589,datCalc
datPartyDamageFld_Public_Static_Void_Int32_0,100672590,datCalc
datPartyDamagePipe_Public_Static_Void_Int32_Int32_0,100672591,datCalc
datPartyKaifuku_Public_Static_Void_0,100672592,datCalc
datGet3Zokusei_Public_Static_Int32_datUnitWork_t_0,100672593,datCalc
datCheckStockFull_Public_Static_Int32_0,100672594,datCalc
datSetDevilWork_Public_Static_Void_Int32_datUnitWork_t_0,100672595,datCalc
datAddDevil_Public_Static_Int32_Int32_Int32_0,100672596,datCalc
datAddUniqueDevil_Public_Static_Int32_Int32_Int32_Int32_0,100672597,datCalc
datSearchUniqueDevilStock_Public_Static_Int32_Int32_0,100672598,datCalc
datGetUniqueDevilId_Public_Static_Int32_Int32_0,100672599,datCalc
datAddExp_Public_Static_Void_datUnitWork_t_Int32_0,100672600,datCalc
datAddHearts_Public_Static_Int32_Int32_0,100672601,datCalc
datRemoveHearts_Public_Static_Void_0,100672602,datCalc
datEquipHearts_Public_Static_Void_Int32_0,100672603,datCalc
datSetAutoKaifukuSkill_Public_Static_Void_datUnitWork_t_Int32_0,100672604,datCalc
datFieldSkillKaifuku_Public_Static_Void_0,100672605,datCalc
datCheckSkillInParty_Public_Static_Int32_Int32_0,100672606,datCalc
datCheckSkillTakaraSagasi_Public_Static_Int32_0,100672607,datCalc
datClearCommMemory_Public_Static_Void_datUnitWork_t_0,100672608,datCalc
datAllClearCommMemory_Public_Static_Void_0,100672609,datCalc
datAddKotowariPoint_Public_Static_Void_Int32_Int32_0,100672610,datCalc
datGetKotowariLank_Public_Static_Int32_Int32_0,100672611,datCalc
datGetSkillCost_Public_Static_Int32_datUnitWork_t_Int32_0,100672612,datCalc
datInitPlayer_Public_Static_Void_0,100672613,datCalc
datInitBossPress_Public_Static_Void_0,100672614,datCalc
datDelDevil_Public_Static_Int32_Int32_0,100672615,datCalc
datGetItemSkillNo_Public_Static_Int32_Int32_0,100672616,datCalc
datGetLevelForDraw_Public_Static_Int32_datUnitWork_t_0,100672617,datCalc
datCopyDevilWork_Public_Static_Void_Int32_datUnitWork_t_0,100672618,datCalc
datBossRashGetRec_Public_Static_Int32_Int32_Int32_0,100672619,datCalc
datBossRashUpdRec_Public_Static_Void_Int32_Int32_0,100672620,datCalc
datBossRashChk_Public_Static_Int32_Int32_0,100672621,datCalc
IsNOCTURNE_Public_Static_Boolean_0,100672622,datCalc
tbl_Private_Static_datDevilAI_t_Int32_0,100672627,datDevilAI
Get_Public_Static_datDevilAI_t_Int32_0,100672628,datDevilAI
SetActionSeq_Public_Static_Void_byref_nbActionProcessData_t_Int32_0,100670806,nbActionProcess
SetNextActionSeq_Public_Static_Void_byref_nbActionProcessData_t_Int32_0,100670807,nbActionProcess
SetTimeList_Public_Static_Void_byref_nbActionProcessData_t_Int32_Int32_Int32_Int32_0,100670808,nbActionProcess
AddTimeListHp_Public_Static_Int32_byref_nbActionProcessData_t_Int32_Int32_0,100670809,nbActionProcess
GetTimeListHp_Public_Static_Int32_byref_nbActionProcessData_t_Int32_0,100670810,nbActionProcess
GetUnlockTime_Public_Static_Int32_byref_nbActionProcessData_t_Int32_0,100670811,nbActionProcess
GetEndTime_Public_Static_Int32_byref_nbActionProcessData_t_Int32_0,100670812,nbActionProcess
CheckTimeListDead_Public_Static_Int32_byref_nbActionProcessData_t_Int32_0,100670813,nbActionProcess
CheckCounter_Public_Static_Int32_byref_nbActionProcessData_t_Int32_Int32_0,100670814,nbActionProcess
CheckArrCounter_Public_Static_Int32_byref_nbActionProcessData_t_0,100670815,nbActionProcess
UnitKyoseiDisp_Public_Static_Void_byref_nbActionProcessData_t_Int32_0,100670816,nbActionProcess
SetDeadPacket_Public_Static_Void_byref_nbActionProcessData_t_Int32_0,100670817,nbActionProcess
SetPress_Public_Static_Void_byref_nbActionProcessData_t_Single_0,100670818,nbActionProcess
SetNewPress_Public_Static_Void_byref_nbActionProcessData_t_Int32_0,100670819,nbActionProcess
SetHitStopFrame_Public_Static_Void_byref_nbActionProcessData_t_Int32_0,100670820,nbActionProcess
SetEnemyEscapePacket_Public_Static_Void_byref_nbActionProcessData_t_Int32_Int32_0,100670821,nbActionProcess
SetAuroraPacket_Public_Static_Void_byref_nbActionProcessData_t_Int32_Int32_0,100670822,nbActionProcess
SetAddPressPacket_Public_Static_Void_byref_nbActionProcessData_t_Int32_0,100670823,nbActionProcess
SetAddFlareChargePacket_Public_Static_Void_byref_nbActionProcessData_t_Int32_0,100670824,nbActionProcess
SetMakaPacket_Public_Static_Void_byref_nbActionProcessData_t_Int32_Int32_0,100670825,nbActionProcess
SetTorafuPacket_Public_Static_Void_byref_nbActionProcessData_t_Int32_Int32_0,100670826,nbActionProcess
SetAnalyzePacket_Public_Static_Void_byref_nbActionProcessData_t_Int32_Int32_0,100670827,nbActionProcess
SetPlayerSummonPacket_Public_Static_Int32_byref_nbActionProcessData_t_Int32_Int32_Int32_Int32_0,100670828,nbActionProcess
SetSakePacket_Public_Static_Void_byref_nbActionProcessData_t_Int32_Int32_Int32_Int32_Int32_0,100670829,nbActionProcess
SetMissPacket_Public_Static_Void_byref_nbActionProcessData_t_Int32_Int32_Int32_Int32_Int32_0,100670830,nbActionProcess
SetOngShadowPacket_Public_Static_Void_byref_nbActionProcessData_t_Int32_Int32_Int32_Int32_Int32_0,100670831,nbActionProcess
SetOngShadowPacket2_Public_Static_Void_byref_nbActionProcessData_t_Int32_Int32_0,100670832,nbActionProcess
SetAllPacket_Public_Static_Void_byref_nbActionProcessData_t_Int32_Int32_Int32_Int32_Int32_Int32_Single_0,100670833,nbActionProcess
SetTarget_Public_Static_Int32_byref_nbActionProcessData_t_0,100670834,nbActionProcess
ClearTimeList_Public_Static_Void_byref_nbActionProcessData_t_0,100670835,nbActionProcess
SetHpForTimeList_Public_Static_Void_byref_nbActionProcessData_t_0,100670836,nbActionProcess
CheckTimeListDeadEnemyParty_Public_Static_Int32_byref_nbActionProcessData_t_Int32_0,100670837,nbActionProcess
nbAddTimeListHp_Public_Static_Int32_byref_nbActionProcessData_t_Int32_Int32_0,100670838,nbActionProcess
OverwriteTimeList_Public_Static_Void_byref_nbActionProcessData_t_Int32_Int32_Int32_Int32_0,100670839,nbActionProcess
GetAllEndTime_Public_Static_Int32_byref_nbActionProcessData_t_0,100670840,nbActionProcess
GetAllUnlockTime_Public_Static_Int32_byref_nbActionProcessData_t_0,100670841,nbActionProcess
GetKoukaList_Public_Static_Void_byref_nbActionProcessData_t_Il2CppReferenceArray_1_Il2CppStructArray_1_SByte_UInt32_Int32_0,100670842,nbActionProcess
SetTargetPlayer_Public_Static_Void_byref_nbActionProcessData_t_0,100670843,nbActionProcess
SetTargetParty_Public_Static_Void_byref_nbActionProcessData_t_Int32_0,100670844,nbActionProcess
CheckMukanNego_Public_Static_Int32_byref_nbActionProcessData_t_0,100670845,nbActionProcess
CheckSenseiNego_Public_Static_Int32_byref_nbActionProcessData_t_0,100670846,nbActionProcess
CheckInotiNego_Public_Static_Int32_byref_nbActionProcessData_t_0,100670847,nbActionProcess
CheckBinjoNego_Public_Static_Int32_byref_nbActionProcessData_t_0,100670848,nbActionProcess
CheckDeadScript_Public_Static_Void_byref_nbActionProcessData_t_0,100670849,nbActionProcess
CheckKoketaNego_Public_Static_Int32_byref_nbActionProcessData_t_0,100670850,nbActionProcess
KyouseiPress_Public_Static_Void_byref_nbActionProcessData_t_0,100670851,nbActionProcess
DokodemoPoa_Public_Static_Void_byref_nbActionProcessData_t_0,100670852,nbActionProcess
SetNowActionStat_Public_Static_Void_byref_nbActionProcessData_t_Int32_Int32_0,100670853,nbActionProcess
SetDamagePacket_Public_Static_Void_byref_nbActionProcessData_t_Int32_0,100670854,nbActionProcess
SetAction_NON_Public_Static_Void_byref_nbActionProcessData_t_0,100670855,nbActionProcess
CheckAction_NON_Public_Static_Int32_byref_nbActionProcessData_t_0,100670856,nbActionProcess
SetAction_COMM_Public_Static_Void_byref_nbActionProcessData_t_0,100670857,nbActionProcess
CheckAction_COMM_Public_Static_Int32_byref_nbActionProcessData_t_0,100670858,nbActionProcess
SetAction_AI_Public_Static_Void_byref_nbActionProcessData_t_0,100670859,nbActionProcess
CheckAction_AI_Public_Static_Int32_byref_nbActionProcessData_t_0,100670860,nbActionProcess
SetAction_AISCR_Public_Static_Void_byref_nbActionProcessData_t_0,100670861,nbActionProcess
CheckAction_AISCR_Public_Static_Int32_byref_nbActionProcessData_t_0,100670862,nbActionProcess
SetAction_DEADSCRIPT_Public_Static_Void_byref_nbActionProcessData_t_0,100670863,nbActionProcess
CheckAction_DEADSCRIPT_Public_Static_Int32_byref_nbActionProcessData_t_0,100670864,nbActionProcess
SetAction_BAD_Public_Static_Void_byref_nbActionProcessData_t_0,100670865,nbActionProcess
CheckAction_BAD_Public_Static_Int32_byref_nbActionProcessData_t_0,100670866,nbActionProcess
SetAction_BADWAIT_Public_Static_Void_byref_nbActionProcessData_t_0,100670867,nbActionProcess
CheckAction_BADWAIT_Public_Static_Int32_byref_nbActionProcessData_t_0,100670868,nbActionProcess
SetAction_TARSEL_Public_Static_Void_byref_nbActionProcessData_t_0,100670869,nbActionProcess
CheckAction_TARSEL_Public_Static_Int32_byref_nbActionProcessData_t_0,100670870,nbActionProcess
SetAction_STKSEL_Public_Static_Void_byref_nbActionProcessData_t_0,100670871,nbActionProcess
CheckAction_STKSEL_Public_Static_Int32_byref_nbActionProcessData_t_0,100670872,nbActionProcess
SobedClear_Public_Static_Void_0,100670873,nbActionProcess
SetAction_READY_Public_Static_Void_byref_nbActionProcessData_t_0,100670874,nbActionProcess
CheckAction_READY_Public_Static_Int32_byref_nbActionProcessData_t_0,100670875,nbActionProcess
SetAction_SKILL_Public_Static_Void_byref_nbActionProcessData_t_0,100670876,nbActionProcess
CheckAction_SKILL_Public_Static_Int32_byref_nbActionProcessData_t_0,100670877,nbActionProcess
SetAction_NEGO_Public_Static_Void_byref_nbActionProcessData_t_0,100670878,nbActionProcess
CheckAction_NEGO_Public_Static_Int32_byref_nbActionProcessData_t_0,100670879,nbActionProcess
SetAction_NEGORESULT_Public_Static_Void_byref_nbActionProcessData_t_0,100670880,nbActionProcess
CheckAction_NEGORESULT_Public_Static_Int32_byref_nbActionProcessData_t_0,100670881,nbActionProcess
SetAction_WAIT_Public_Static_Void_byref_nbActionProcessData_t_0,100670882,nbActionProcess
CheckAction_WAIT_Public_Static_Int32_byref_nbActionProcessData_t_0,100670883,nbActionProcess
SetAction_ESCAPE_Public_Static_Void_byref_nbActionProcessData_t_0,100670884,nbActionProcess
CheckAction_ESCAPE_Public_Static_Int32_byref_nbActionProcessData_t_0,100670885,nbActionProcess
SetAction_RETURN_Public_Static_Void_byref_nbActionProcessData_t_0,100670886,nbActionProcess
CheckAction_RETURN_Public_Static_Int32_byref_nbActionProcessData_t_0,100670887,nbActionProcess
SetAction_INVISIBLE_Public_Static_Void_byref_nbActionProcessData_t_0,100670888,nbActionProcess
CheckAction_INVISIBLE_Public_Static_Int32_byref_nbActionProcessData_t_0,100670889,nbActionProcess
SetAction_CHECK1_Public_Static_Void_byref_nbActionProcessData_t_0,100670890,nbActionProcess
CheckAction_CHECK1_Public_Static_Int32_byref_nbActionProcessData_t_0,100670891,nbActionProcess
SetAction_CHECK3_Public_Static_Void_byref_nbActionProcessData_t_0,100670892,nbActionProcess
CheckAction_CHECK3_Public_Static_Int32_byref_nbActionProcessData_t_0,100670893,nbActionProcess
SetAction_ATO_Public_Static_Void_byref_nbActionProcessData_t_0,100670894,nbActionProcess
CheckAction_ATO_Public_Static_Int32_byref_nbActionProcessData_t_0,100670895,nbActionProcess
SetAction_END_Public_Static_Void_byref_nbActionProcessData_t_0,100670896,nbActionProcess
CheckAction_END_Public_Static_Int32_byref_nbActionProcessData_t_0,100670897,nbActionProcess
nbGetActionSeq_Public_Static_Int32_dds3ProcessID_t_0,100670898,nbActionProcess
nbGetPrevActionSeq_Public_Static_Int32_0,100670899,nbActionProcess
nbActionProcess1_Public_Static_Object_dds3ProcessID_t_0,100670900,nbActionProcess
nbActionShutdown_Public_Static_Object_dds3ProcessID_t_0,100670901,nbActionProcess
InitActionProcessData_Public_Static_nbActionProcessData_t_byref_nbMainProcessData_t_Int32_Int32_Int32_Int32_0,100670902,nbActionProcess
nbInitActionProcess_Public_Static_Void_byref_nbMainProcessData_t_Int32_Int32_Int32_Int32_0,100670903,nbActionProcess
MAKE_SKILL_SE00_Internal_Static_Int32_Int32_0,100670904,nbActionProcess
MAKE_SKILL_SE01_Internal_Static_Int32_Int32_0,100670905,nbActionProcess
GetSOBED_Private_Static_SOBED_Int32_0,100670906,nbActionProcess
SetPbList_Public_Static_Void_SOBED_PB_LIST_0,100670907,nbActionProcess
GetPbList_Public_Static_SOBED_PB_LIST_0,100670908,nbActionProcess
SobedPbSet_Public_Static_Void_Il2CppStructArray_1_Byte_Int32_0,100670909,nbActionProcess
_ctor_Public_Void_0,100670911,nbActionProcess
_ctor_Public_Void_Object_IntPtr_0,100670912,nbActionProcess
Invoke_Public_Virtual_New_Void_byref_nbActionProcessData_t_0,100670913,nbActionProcess
BeginInvoke_Public_Virtual_New_IAsyncResult_byref_nbActionProcessData_t_AsyncCallback_Object_0,100670914,nbActionProcess
EndInvoke_Public_Virtual_New_Void_byref_nbActionProcessData_t_IAsyncResult_0,100670915,nbActionProcess
_ctor_Public_Void_Object_IntPtr_0,100670916,nbActionProcess
Invoke_Public_Virtual_New_Int32_byref_nbActionProcessData_t_0,100670917,nbActionProcess
BeginInvoke_Public_Virtual_New_IAsyncResult_byref_nbActionProcessData_t_AsyncCallback_Object_0,100670918,nbActionProcess
EndInvoke_Public_Virtual_New_Int32_byref_nbActionProcessData_t_IAsyncResult_0,100670919,nbActionProcess
_ctor_Public_Void_0,100670920,nbActionProcess
_ctor_Public_Void_0,100670921,nbActionProcess
Chk_MYHP_Public_Static_Int32_byref_nbActionProcessData_t_Int32_0,100670922,nbAi
Chk_MYMP_Public_Static_Int32_byref_nbActionProcessData_t_Int32_0,100670923,nbAi
Chk_FRHP_Public_Static_Int32_byref_nbActionProcessData_t_Int32_0,100670924,nbAi
Chk_DMGCNT_Public_Static_Int32_byref_nbActionProcessData_t_Int32_0,100670925,nbAi
Chk_CHKCNT_Public_Static_Int32_byref_nbActionProcessData_t_Int32_0,100670926,nbAi
Chk_FRCNT_Public_Static_Int32_byref_nbActionProcessData_t_Int32_0,100670927,nbAi
Chk_ENCNT_Public_Static_Int32_byref_nbActionProcessData_t_Int32_0,100670928,nbAi
Chk_MYBAD_Public_Static_Int32_byref_nbActionProcessData_t_Int32_0,100670929,nbAi
Chk_FRBAD_Public_Static_Int32_byref_nbActionProcessData_t_Int32_0,100670930,nbAi
Chk_ENBAD_Public_Static_Int32_byref_nbActionProcessData_t_Int32_0,100670931,nbAi
Chk_ENALLBAD_Public_Static_Int32_byref_nbActionProcessData_t_Int32_0,100670932,nbAi
Chk_ENID_Public_Static_Int32_byref_nbActionProcessData_t_Int32_0,100670933,nbAi
Chk_FRID_Public_Static_Int32_byref_nbActionProcessData_t_Int32_0,100670934,nbAi
ChkAiHojo_Public_Static_Int32_Int32_Int32_0,100670935,nbAi
ChkAiHojoMax_Public_Static_Int32_Int32_Int32_0,100670936,nbAi
Chk_ENHOJO_Public_Static_Int32_byref_nbActionProcessData_t_Int32_0,100670937,nbAi
Chk_FRHOJO_Public_Static_Int32_byref_nbActionProcessData_t_Int32_0,100670938,nbAi
Chk_ENHOJOMAX_Public_Static_Int32_byref_nbActionProcessData_t_Int32_0,100670939,nbAi
Chk_FRHOJOMAX_Public_Static_Int32_byref_nbActionProcessData_t_Int32_0,100670940,nbAi
Chk_BA_Public_Static_Int32_byref_nbActionProcessData_t_Int32_0,100670941,nbAi
Chk_SENSEI_Public_Static_Int32_byref_nbActionProcessData_t_Int32_0,100670942,nbAi
Chk_ENLIGHT_Public_Static_Int32_byref_nbActionProcessData_t_Int32_0,100670943,nbAi
Chk_ENDARK_Public_Static_Int32_byref_nbActionProcessData_t_Int32_0,100670944,nbAi
Chk_POW_Public_Static_Int32_byref_nbActionProcessData_t_Int32_0,100670945,nbAi
Chk_PLV_Public_Static_Int32_byref_nbActionProcessData_t_Int32_0,100670946,nbAi
Chk_PPARTYLV_Public_Static_Int32_byref_nbActionProcessData_t_Int32_0,100670947,nbAi
Chk_TURN_Public_Static_Int32_byref_nbActionProcessData_t_Int32_0,100670948,nbAi
Chk_ENHAMAMHK_Public_Static_Int32_byref_nbActionProcessData_t_Int32_0,100670949,nbAi
Chk_SKILLNOMP_Public_Static_Int32_byref_nbActionProcessData_t_Int32_0,100670950,nbAi
nbAiChkJoken_Public_Static_Int32_byref_nbActionProcessData_t_UInt32_0,100670951,nbAi
AiChk_Public_Static_Int32_byref_nbActionProcessData_t_Int32_0,100670952,nbAi
GetKoudou_Public_Static_Int32_byref_nbActionProcessData_t_Int32_0,100670953,nbAi
SetKoudou_Public_Static_Void_byref_nbActionProcessData_t_Int32_Int32_0,100670954,nbAi
Sel_AI_Public_Static_Int32_byref_nbActionProcessData_t_Int32_Int32_0,100670955,nbAi
Sel_LIFEMIN_Public_Static_Void_byref_nbActionProcessData_t_Int32_0,100670956,nbAi
Sel_BAARLV_Public_Static_Void_byref_nbActionProcessData_t_Int32_0,100670957,nbAi
Sel_LVMIN_Public_Static_Void_byref_nbActionProcessData_t_Int32_0,100670958,nbAi
Sel_BAD_Public_Static_Void_byref_nbActionProcessData_t_Int32_0,100670959,nbAi
Sel_ID_Public_Static_Void_byref_nbActionProcessData_t_Int32_0,100670960,nbAi
Sel_LIGHT_Public_Static_Void_byref_nbActionProcessData_t_Int32_0,100670961,nbAi
Sel_DARK_Public_Static_Void_byref_nbActionProcessData_t_Int32_0,100670962,nbAi
Sel_PLAYER_Public_Static_Void_byref_nbActionProcessData_t_Int32_0,100670963,nbAi
Sel_JOKEN_Public_Static_Void_byref_nbActionProcessData_t_Int32_0,100670964,nbAi
Sel_RND_Public_Static_Void_byref_nbActionProcessData_t_Int32_0,100670965,nbAi
SetSingleTarget2_Public_Static_Int32_byref_nbActionProcessData_t_Int32_Int32_0,100670966,nbAi
SetGroupTarget2_Public_Static_Int32_byref_nbActionProcessData_t_Int32_Int32_0,100670967,nbAi
ChkCost_Public_Static_Int32_byref_nbActionProcessData_t_0,100670968,nbAi
ChkClose_Public_Static_Int32_byref_nbActionProcessData_t_0,100670969,nbAi
nbSetAiTarget_Public_Static_Int32_byref_nbActionProcessData_t_Int32_Int32_0,100670970,nbAi
nbRunAiSub_Public_Static_Int32_byref_nbActionProcessData_t_Int32_0,100670971,nbAi
nbRunAi_Public_Static_Int32_byref_nbActionProcessData_t_0,100670972,nbAi
_ctor_Public_Void_0,100670974,nbAi
_ctor_Public_Void_Object_IntPtr_0,100670975,nbAi
Invoke_Public_Virtual_New_Int32_byref_nbActionProcessData_t_Int32_0,100670976,nbAi
BeginInvoke_Public_Virtual_New_IAsyncResult_byref_nbActionProcessData_t_Int32_AsyncCallback_Object_0,100670977,nbAi
EndInvoke_Public_Virtual_New_Int32_byref_nbActionProcessData_t_IAsyncResult_0,100670978,nbAi
nbCommand_AI_ACT_ATTACK_Public_Static_Int32_0,100670979,nbAiScript
nbCommand_AI_ACT_ESCAPE_Public_Static_Int32_0,100670980,nbAiScript
nbCommand_AI_ACT_WAIT_Public_Static_Int32_0,100670981,nbAiScript
nbCommand_AI_ACT_SKILL_Public_Static_Int32_0,100670982,nbAiScript
nbCommand_AI_ACT_SUMMON_Public_Static_Int32_0,100670983,nbAiScript
nbCommand_AI_SET_CRITICAL_Public_Static_Int32_0,100670984,nbAiScript
nbCommand_AI_TAR_AI_Public_Static_Int32_0,100670985,nbAiScript
nbCommand_AI_TAR_LIFEMIN_Public_Static_Int32_0,100670986,nbAiScript
nbCommand_AI_TAR_BAARLV_Public_Static_Int32_0,100670987,nbAiScript
nbCommand_AI_TAR_LVMIN_Public_Static_Int32_0,100670988,nbAiScript
nbCommand_AI_TAR_BAD_Public_Static_Int32_0,100670989,nbAiScript
nbCommand_AI_TAR_ID_Public_Static_Int32_0,100670990,nbAiScript
nbCommand_AI_TAR_LIGHT_Public_Static_Int32_0,100670991,nbAiScript
nbCommand_AI_TAR_DARK_Public_Static_Int32_0,100670992,nbAiScript
nbCommand_AI_TAR_PLAYER_Public_Static_Int32_0,100670993,nbAiScript
nbCommand_AI_TAR_RND_Public_Static_Int32_0,100670994,nbAiScript
nbCommand_AI_TAR_JOKEN_Public_Static_Int32_0,100670995,nbAiScript
AiChkJoken_Public_Static_Void_UInt32_0,100670996,nbAiScript
nbCommand_AI_CHK_MYHP_Public_Static_Int32_0,100670997,nbAiScript
nbCommand_AI_CHK_MYMP_Public_Static_Int32_0,100670998,nbAiScript
nbCommand_AI_CHK_FRHP_Public_Static_Int32_0,100670999,nbAiScript
nbCommand_AI_CHK_DMGCNT_Public_Static_Int32_0,100671000,nbAiScript
nbCommand_AI_CHK_FRCNT_Public_Static_Int32_0,100671001,nbAiScript
nbCommand_AI_CHK_ENCNT_Public_Static_Int32_0,100671002,nbAiScript
nbCommand_AI_CHK_MYBAD_Public_Static_Int32_0,100671003,nbAiScript
nbCommand_AI_CHK_FRBAD_Public_Static_Int32_0,100671004,nbAiScript
nbCommand_AI_CHK_ENBAD_Public_Static_Int32_0,100671005,nbAiScript
nbCommand_AI_CHK_ENALLBAD_Public_Static_Int32_0,100671006,nbAiScript
nbCommand_AI_CHK_ENID_Public_Static_Int32_0,100671007,nbAiScript
nbCommand_AI_CHK_FRID_Public_Static_Int32_0,100671008,nbAiScript
nbCommand_AI_CHK_ENHOJO_Public_Static_Int32_0,100671009,nbAiScript
nbCommand_AI_CHK_FRHOJO_Public_Static_Int32_0,100671010,nbAiScript
nbCommand_AI_CHK_ENHOJOMAX_Public_Static_Int32_0,100671011,nbAiScript
nbCommand_AI_CHK_FRHOJOMAX_Public_Static_Int32_0,100671012,nbAiScript
nbCommand_AI_CHK_BA_Public_Static_Int32_0,100671013,nbAiScript
nbCommand_AI_CHK_ENLIGHT_Public_Static_Int32_0,100671014,nbAiScript
nbCommand_AI_CHK_ENDARK_Public_Static_Int32_0,100671015,nbAiScript
nbCommand_AI_CHK_POW_Public_Static_Int32_0,100671016,nbAiScript
nbCommand_AI_CHK_PLV_Public_Static_Int32_0,100671017,nbAiScript
nbCommand_AI_CHK_PPARTYLV_Public_Static_Int32_0,100671018,nbAiScript
nbCommand_AI_GET_TURN_Public_Static_Int32_0,100671019,nbAiScript
nbCommand_AI_GET_ALLKOUDO_Public_Static_Int32_0,100671020,nbAiScript
nbCommand_AI_GET_PRESSKOUDO_Public_Static_Int32_0,100671021,nbAiScript
nbCommand_AI_GET_MYLV_Public_Static_Int32_0,100671022,nbAiScript
nbCommand_AI_GET_MYAISYO_Public_Static_Int32_0,100671023,nbAiScript
nbCommand_AI_GET_FUREA_Public_Static_Int32_0,100671024,nbAiScript
nbCommand_AI_CHK_ESCAPE_Public_Static_Int32_0,100671025,nbAiScript
nbCommand_AI_CHK_ENHAMAMHK_Public_Static_Int32_0,100671026,nbAiScript
nbCommand_AI_CHK_SKILLNOMP_Public_Static_Int32_0,100671027,nbAiScript
nbCommand_AI_Public_Static_Int32_0,100671028,nbAiScript
nbCommand_AI_TBL_Public_Static_Int32_0,100671029,nbAiScript
nbCommand_BTL_CAM_SET_Public_Static_Int32_0,100671030,nbAiScript
nbCommand_BTL_CAM_ORG_Public_Static_Int32_0,100671031,nbAiScript
nbCommand_BTL_CAM_1SHOT_Public_Static_Int32_0,100671032,nbAiScript
nbCommand_BTL_CAM_2SHOT_Public_Static_Int32_0,100671033,nbAiScript
nbCommand_BTL_CAM_BOUGAI_Public_Static_Int32_0,100671034,nbAiScript
nbCommand_BTL_PNL_OFF_Public_Static_Int32_0,100671035,nbAiScript
nbCommand_BTL_PNL_ON_Public_Static_Int32_0,100671036,nbAiScript
nbCommand_BTL_EVENT_Public_Static_Int32_0,100671037,nbAiScript
nbCommand_BTL_TAIKYO_Public_Static_Int32_0,100671038,nbAiScript
nbCommand_BTL_ALLTAIKYO_Public_Static_Int32_0,100671039,nbAiScript
nbCommand_BTL_PRESS_Public_Static_Int32_0,100671040,nbAiScript
nbCommand_BTL_NAKAMA_Public_Static_Int32_0,100671041,nbAiScript
nbCommand_BTL_FORM_ALL_ON_Public_Static_Int32_0,100671042,nbAiScript
nbCommand_BTL_FORM_PLY_ON_Public_Static_Int32_0,100671043,nbAiScript
nbCommand_BTL_FORM_ENE_ON_Public_Static_Int32_0,100671044,nbAiScript
nbCommand_BTL_AI_ROT_CLR_Public_Static_Int32_0,100671045,nbAiScript
nbCommand_BTL_AI_ROT_NEXT_Public_Static_Int32_0,100671046,nbAiScript
nbCommand_BTL_AI_ROT_GET_Public_Static_Int32_0,100671047,nbAiScript
nbCommand_BTL_AI_CHANGE_OFF_Public_Static_Int32_0,100671048,nbAiScript
nbCommand_BTL_AI_CHANGE_ON_Public_Static_Int32_0,100671049,nbAiScript
nbInitAiScript_Public_Static_Void_byref_nbActionProcessData_t_Int32_0,100671050,nbAiScript
GetFailpoint_Private_Static_Int16_Int32_0,100671079,nbCalc
nbGetHitType_Public_Static_Int32_nbActionProcessData_t_Int32_Int32_Int32_0,100671080,nbCalc
nbGet3Zokusei_Public_Static_Int32_Int32_0,100671081,nbCalc
nbCheckKoukaJyoken_Public_Static_Int32_Int32_Int32_Int32_0,100671082,nbCalc
nbGetKoukaType_Public_Static_Int32_Int32_Int32_Int32_0,100671083,nbCalc
nbAddHpMp_Public_Static_Void_Int32_Int32_Int32_0,100671084,nbCalc
nbGetAisyoRitu_Public_Static_Single_Int32_Int32_Int32_0,100671085,nbCalc
nbGetKoukaHp_Public_Static_Int32_Int32_Int32_Int32_Int32_Single_Int32_0,100671086,nbCalc
nbGetKoukaMp_Public_Static_Int32_Int32_Int32_Int32_Int32_Single_Int32_0,100671087,nbCalc
nbGetHpDrainRitu_Public_Static_Single_Int32_Int32_Int32_0,100671088,nbCalc
nbGetMpDrainRitu_Public_Static_Single_Int32_Int32_Int32_0,100671089,nbCalc
nbGetGensyoRitu_Public_Static_Single_Int32_Int32_Int32_0,100671090,nbCalc
nbGetKoukaBadDamage_Public_Static_UInt32_Int32_Int32_Int32_Single_Int32_0,100671091,nbCalc
nbGetKoukaBadKaifuku_Public_Static_UInt32_Int32_Int32_Int32_Single_Int32_0,100671092,nbCalc
nbCheckHitEffect_Public_Static_UInt32_Int32_Int32_Int32_0,100671093,nbCalc
nbGetDeadType_Public_Static_Int32_Int32_Int32_Int32_0,100671094,nbCalc
nbCheckStoneDead_Public_Static_Int32_Int32_Int32_0,100671095,nbCalc
nbSetBadStat_Public_Static_Void_Int32_Int32_Int32_0,100671096,nbCalc
nbCheckBadKaifuku_Public_Static_Int32_datUnitWork_t_Int32_0,100671097,nbCalc
nbGetBadStat_Public_Static_UInt32_Int32_0,100671098,nbCalc
nbCheckBadCurse_Public_Static_Int32_Int32_0,100671099,nbCalc
nbGetAisyoTable_Public_Static_Int32_Int32_0,100671100,nbCalc
nbGetAisyo_Public_Static_UInt32_Int32_Int32_Int32_0,100671101,nbCalc
nbGetNormalSkillAttr_Public_Static_Int32_Int32_0,100671102,nbCalc
nbSetHojoCounter_Public_Static_Void_Int32_Int32_Int32_0,100671103,nbCalc
nbGetHojoCounter_Public_Static_Int32_Int32_Int32_0,100671104,nbCalc
nbGetHojoCounterMax_Public_Static_Int32_Int32_0,100671105,nbCalc
nbGetHojoCounterMin_Public_Static_Int32_Int32_0,100671106,nbCalc
nbSetHojoAddCounter_Public_Static_Int32_Int32_Int32_Int32_Int32_0,100671107,nbCalc
nbSetHojoKouka_Public_Static_Int32_Int32_UInt32_Int32_Int32_0,100671108,nbCalc
nbGetHojoRitu_Public_Static_Single_Int32_Int32_0,100671109,nbCalc
nbGetButuriAttack_Public_Static_Int32_Int32_Int32_Int32_Int32_0,100671110,nbCalc
nbGetButuriKaifuku_Public_Static_Int32_Int32_Int32_Int32_Int32_0,100671111,nbCalc
nbGetMagicAttack_Public_Static_Int32_Int32_Int32_Int32_Int32_0,100671112,nbCalc
nbGetMagicKaifuku_Public_Static_Int32_Int32_Int32_Int32_Int32_0,100671113,nbCalc
nbGetMaxHpWazaPoint_Public_Static_Int32_Int32_Int32_Int32_Int32_0,100671114,nbCalc
nbGetVirtualAisyo_Public_Static_Int32_Int32_Int32_Int32_0,100671115,nbCalc
nbGetVirtualKoukaPoint_Public_Static_Int32_Int32_Int32_Int32_0,100671116,nbCalc
nbCheckSkillCost_Public_Static_Int32_Int32_Int32_0,100671117,nbCalc
nbCheckSkillUse_Public_Static_Int32_Int32_Int32_0,100671118,nbCalc
nbGetEncountTableItem_Public_Static_Void_nbMainProcessData_t_0,100671119,nbCalc
nbGetExpMakaItem_Public_Static_Void_datUnitWork_t_0,100671120,nbCalc
nbGetLvAvg_Public_Static_Int32_nbMainProcessData_t_Int32_0,100671121,nbCalc
nbGetLvAvg2_Public_Static_Int32_nbMainProcessData_t_Int32_0,100671122,nbCalc
nbGetParamAvg_Public_Static_Int32_nbMainProcessData_t_Int32_Int32_0,100671123,nbCalc
nbGetParamAvg2_Public_Static_Int32_nbMainProcessData_t_Int32_Int32_0,100671124,nbCalc
nbCheckSensei_Public_Static_Int32_nbMainProcessData_t_0,100671125,nbCalc
nbCheckBackAttack_Public_Static_Int32_nbMainProcessData_t_0,100671126,nbCalc
nbCheckEscape_Public_Static_Int32_nbMainProcessData_t_0,100671127,nbCalc
nbGetEscapeSwitch_Public_Static_Int32_nbMainProcessData_t_0,100671128,nbCalc
nbCheckRenzokuEncount_Public_Static_Int32_nbMainProcessData_t_0,100671129,nbCalc
nbCheckKuisibariSkill_Public_Static_Int32_Int32_0,100671130,nbCalc
nbCheckKuisibari2Skill_Public_Static_Int32_Int32_0,100671131,nbCalc
nbSetKuisibariStop_Public_Static_Void_Int32_0,100671132,nbCalc
nbHatudoCheckSkill_Public_Static_Int32_datUnitWork_t_Int32_0,100671133,nbCalc
nbCheckSingleTargetSkill_Public_Static_Int32_Int32_0,100671134,nbCalc
nbCheckFormationPlayerSide_Public_Static_Int32_Int32_0,100671135,nbCalc
nbCheckFormationFriend_Public_Static_Int32_Int32_Int32_0,100671136,nbCalc
nbGetMakaBaramaki_Public_Static_Int32_datUnitWork_t_0,100671137,nbCalc
nbCheckBadPanicAction_Public_Static_Int32_datUnitWork_t_0,100671138,nbCalc
nbCheckBadStatusGameOver_Public_Static_Int32_nbMainProcessData_t_0,100671139,nbCalc
nbSetHpScale_Public_Static_Void_nbFormation_t_0,100671140,nbCalc
nbGetDevilFormatFlag_Public_Static_UInt32_Int32_0,100671141,nbCalc
nbGetCriticalPow_Public_Static_Single_Int32_Single_0,100671142,nbCalc
nbGetKakutokuExp_Public_Static_Int32_nbMainProcessData_t_0,100671143,nbCalc
nbGetKakutokuMaka_Public_Static_Int32_nbMainProcessData_t_0,100671144,nbCalc
evtSetWaitHokanFrame_Private_Static_Void_evtUnitHandle_t_Int32_Int32_0,100671501,nbKoukaProcess
nbCheckModelLoad_Private_Static_Int32_nbMainProcessData_t_Int32_Int32_0,100671502,nbKoukaProcess
nbLoadSound_Private_Static_Int32_Int32_0,100671503,nbKoukaProcess
nbDecodePackData_Private_Static_Void_Object_Int32_Int32_0,100671504,nbKoukaProcess
mdlSetPosition_Private_Static_Void_dds3ModelHandle_t_0,100671505,nbKoukaProcess
RunReturnKouka_Public_Static_Void_byref_nbKoukaProcessData_t_nbKoukaPacket_t_0,100671506,nbKoukaProcess
nbGetKoukaProcessData_Public_Static_nbKoukaProcessData_t_0,100671507,nbKoukaProcess
nbGetUniqueIdKoukaPacketCnt_Public_Static_Int32_Int32_0,100671508,nbKoukaProcess
nbGetKoukaPacketTypeCnt_Public_Static_Int32_Int32_0,100671509,nbKoukaProcess
LinkKoukaPacket_Public_Static_Void_byref_nbKoukaProcessData_t_nbKoukaPacket_t_0,100671510,nbKoukaProcess
UnlinkKoukaPacket_Public_Static_Void_byref_nbKoukaProcessData_t_byref_nbKoukaPacket_t_0,100671511,nbKoukaProcess
nbAddKoukaPacket_Public_Static_nbKoukaPacket_t_byref_nbKoukaProcessData_t_Int32_Int32_Int32_0,100671512,nbKoukaProcess
DelKoukaPacket_Public_Static_Void_byref_nbKoukaProcessData_t_byref_nbKoukaPacket_t_0,100671513,nbKoukaProcess
nbDelKoukaPacket_Public_Static_Void_byref_nbKoukaPacket_t_0,100671514,nbKoukaProcess
nbDelAllKoukaPacketType_Public_Static_Void_Int32_0,100671515,nbKoukaProcess
nbDelAllMojiNumEffectKoukaPacket_Public_Static_Void_byref_nbFormation_t_Int32_0,100671516,nbKoukaProcess
nbDelUnEventKoukaPacket_Public_Static_Void_0,100671517,nbKoukaProcess
nbOnOffKoukaPacketFlag_Public_Static_Void_Int32_UInt32_Int32_0,100671518,nbKoukaProcess
nbCheckSePacket_Public_Static_Int32_Int32_Int32_Int32_0,100671519,nbKoukaProcess
RunBossEffectKouka_Public_Static_Void_byref_nbKoukaProcessData_t_byref_nbKoukaPacket_t_0,100671520,nbKoukaProcess
RunHatudoEffectEndKouka_Public_Static_Void_byref_nbKoukaProcessData_t_byref_nbKoukaPacket_t_0,100671521,nbKoukaProcess
RunSkillEffectKouka_Public_Static_Void_byref_nbKoukaProcessData_t_byref_nbKoukaPacket_t_0,100671522,nbKoukaProcess
RunMoveKouka_Public_Static_Void_byref_nbKoukaProcessData_t_byref_nbKoukaPacket_t_0,100671523,nbKoukaProcess
RunRotKouka_Public_Static_Void_byref_nbKoukaProcessData_t_byref_nbKoukaPacket_t_0,100671524,nbKoukaProcess
RunUnitColKouka_Public_Static_Void_byref_nbKoukaProcessData_t_byref_nbKoukaPacket_t_0,100671525,nbKoukaProcess
RunMotionStopKouka_Public_Static_Void_byref_nbKoukaProcessData_t_byref_nbKoukaPacket_t_0,100671526,nbKoukaProcess
RunMotionKouka_Public_Static_Void_byref_nbKoukaProcessData_t_byref_nbKoukaPacket_t_0,100671527,nbKoukaProcess
RunDamageMotionKouka_Public_Static_Void_byref_nbKoukaProcessData_t_byref_nbKoukaPacket_t_0,100671528,nbKoukaProcess
RunSummonKouka_Public_Static_Void_byref_nbKoukaProcessData_t_byref_nbKoukaPacket_t_0,100671529,nbKoukaProcess
RunSakeKouka_Public_Static_Void_byref_nbKoukaProcessData_t_byref_nbKoukaPacket_t_0,100671530,nbKoukaProcess
RunBadEffKouka_Public_Static_Void_byref_nbKoukaProcessData_t_byref_nbKoukaPacket_t_0,100671531,nbKoukaProcess
RunBadEffKaifukuKouka_Public_Static_Void_byref_nbKoukaProcessData_t_byref_nbKoukaPacket_t_0,100671532,nbKoukaProcess
RunHitEffectKouka_Public_Static_Void_byref_nbKoukaProcessData_t_byref_nbKoukaPacket_t_0,100671533,nbKoukaProcess
NumEffectClip_Public_Static_Void_byref_nbKoukaPacket_t_0,100671534,nbKoukaProcess
RunNumEffectKouka_Public_Static_Void_byref_nbKoukaProcessData_t_byref_nbKoukaPacket_t_0,100671535,nbKoukaProcess
RunMojiEffectKouka_Public_Static_Void_byref_nbKoukaProcessData_t_byref_nbKoukaPacket_t_0,100671536,nbKoukaProcess
RunHpMpKouka_Public_Static_Void_byref_nbKoukaProcessData_t_byref_nbKoukaPacket_t_0,100671537,nbKoukaProcess
RunPressKouka_Public_Static_Void_byref_nbKoukaProcessData_t_byref_nbKoukaPacket_t_0,100671538,nbKoukaProcess
RunBadStatKouka_Public_Static_Void_byref_nbKoukaProcessData_t_byref_nbKoukaPacket_t_0,100671539,nbKoukaProcess
RunBadMotKaifukuKouka_Public_Static_Void_byref_nbKoukaProcessData_t_byref_nbKoukaPacket_t_0,100671540,nbKoukaProcess
RunSeKouka_Public_Static_Void_byref_nbKoukaProcessData_t_byref_nbKoukaPacket_t_0,100671541,nbKoukaProcess
RunPcmKouka_Public_Static_Void_byref_nbKoukaProcessData_t_byref_nbKoukaPacket_t_0,100671542,nbKoukaProcess
RunHitStopKouka_Public_Static_Void_byref_nbKoukaProcessData_t_byref_nbKoukaPacket_t_0,100671543,nbKoukaProcess
RunAnalyzeKouka_Public_Static_Void_byref_nbKoukaProcessData_t_byref_nbKoukaPacket_t_0,100671544,nbKoukaProcess
RunHelpKouka_Public_Static_Void_byref_nbKoukaProcessData_t_byref_nbKoukaPacket_t_0,100671545,nbKoukaProcess
RunFormOnOffKouka_Public_Static_Void_byref_nbKoukaProcessData_t_byref_nbKoukaPacket_t_0,100671546,nbKoukaProcess
RunFormFlagOnOffKouka_Public_Static_Void_byref_nbKoukaProcessData_t_byref_nbKoukaPacket_t_0,100671547,nbKoukaProcess
RunFlyKouka_Public_Static_Void_byref_nbKoukaProcessData_t_byref_nbKoukaPacket_t_0,100671548,nbKoukaProcess
RunDeadEventKouka_Public_Static_Void_byref_nbKoukaProcessData_t_byref_nbKoukaPacket_t_0,100671549,nbKoukaProcess
RunFadeKouka_Public_Static_Void_byref_nbKoukaProcessData_t_byref_nbKoukaPacket_t_0,100671550,nbKoukaProcess
RunSkillNameKouka_Public_Static_Void_byref_nbKoukaProcessData_t_byref_nbKoukaPacket_t_0,100671551,nbKoukaProcess
RunHojoKouka_Public_Static_Void_byref_nbKoukaProcessData_t_byref_nbKoukaPacket_t_0,100671552,nbKoukaProcess
RunFlareChargeKouka_Public_Static_Void_byref_nbKoukaProcessData_t_byref_nbKoukaPacket_t_0,100671553,nbKoukaProcess
RunPadShockKouka_Public_Static_Void_byref_nbKoukaProcessData_t_byref_nbKoukaPacket_t_0,100671554,nbKoukaProcess
RunSkillColorKouka_Public_Static_Void_byref_nbKoukaProcessData_t_byref_nbKoukaPacket_t_0,100671555,nbKoukaProcess
RunStockPanelFadeOutKouka_Public_Static_Void_byref_nbKoukaProcessData_t_byref_nbKoukaPacket_t_0,100671556,nbKoukaProcess
RunStockPanelEndKouka_Public_Static_Void_byref_nbKoukaProcessData_t_byref_nbKoukaPacket_t_0,100671557,nbKoukaProcess
nbKoukaProcess1_Private_Static_Object_dds3ProcessID_t_0,100671558,nbKoukaProcess
nbKoukaShutdown_Private_Static_Object_dds3ProcessID_t_0,100671559,nbKoukaProcess
InitKoukaProcessData_Public_Static_nbKoukaProcessData_t_byref_nbMainProcessData_t_0,100671560,nbKoukaProcess
nbInitKoukaProcess_Public_Static_Void_nbMainProcessData_t_0,100671561,nbKoukaProcess
fileSyncAll_Private_Static_Void_0,100671570,nbMainProcess
SetDummy_Private_Static_Void_nbMainProcessData_t_0,100671571,nbMainProcess
nbSetPhase_Private_Static_Void_Int32_0,100671572,nbMainProcess
nbSetNextPhase_Private_Static_Void_Int32_0,100671573,nbMainProcess
nbGetMainProcessData_Public_Static_nbMainProcessData_t_0,100671574,nbMainProcess
nbGetUnitWorkPointer_Public_Static_datUnitWork_t_nbMainProcessData_t_nbParty_t_0,100671575,nbMainProcess
nbGetPartyFromFormindex_Public_Static_nbParty_t_Int32_0,100671576,nbMainProcess
nbGetUnitWorkFromFormindex_Public_Static_datUnitWork_t_Int32_0,100671577,nbMainProcess
nbGetSelectBit_Public_Static_UInt32_nbMainProcessData_t_0,100671578,nbMainProcess
nbSetFormationSideFlag_Public_Static_Void_nbFormation_t_Int32_0,100671579,nbMainProcess
CheckActionProcessEnd_Private_Static_Int32_nbMainProcessData_t_0,100671580,nbMainProcess
CheckSenseiOrBackAttack_Private_Static_Void_nbMainProcessData_t_0,100671581,nbMainProcess
CheckActionRun_Private_Static_Int32_nbMainProcessData_t_0,100671582,nbMainProcess
SetBattleFlag_Private_Static_Void_nbMainProcessData_t_0,100671583,nbMainProcess
nbPushAction_Public_Static_Void_Int32_Int32_Int32_Int32_0,100671584,nbMainProcess
CheckErrorActionStack_Private_Static_Int32_nbMainProcessData_t_Int32_0,100671585,nbMainProcess
nbPopAction_Private_Static_Int32_byref_nbActionStack_t_0,100671586,nbMainProcess
nbCheckActionStack_Private_Static_Int32_0,100671587,nbMainProcess
nbClearActionStack_Private_Static_Void_0,100671588,nbMainProcess
nbSetMaePhase_Private_Static_Void_nbMainProcessData_t_0,100671589,nbMainProcess
nbSetEventPhase_Private_Static_Void_nbMainProcessData_t_0,100671590,nbMainProcess
nbSetAtoPhase_Private_Static_Void_nbMainProcessData_t_0,100671591,nbMainProcess
nbSetPressMaePhase_Private_Static_Void_nbMainProcessData_t_0,100671592,nbMainProcess
nbSetPressNiidaPhase_Private_Static_Void_nbMainProcessData_t_0,100671593,nbMainProcess
nbSetActionMaePhase_Private_Static_Void_nbMainProcessData_t_0,100671594,nbMainProcess
nbSetActionPhase_Private_Static_Void_nbMainProcessData_t_0,100671595,nbMainProcess
nbSetChkEndPhase_Private_Static_Void_nbMainProcessData_t_0,100671596,nbMainProcess
nbSetChkTurnPhase_Private_Static_Void_nbMainProcessData_t_0,100671597,nbMainProcess
nbSetResultPhase_Private_Static_Void_nbMainProcessData_t_0,100671598,nbMainProcess
nbSetEndPhase_Private_Static_Void_nbMainProcessData_t_0,100671599,nbMainProcess
nbSetDebugPhase_Private_Static_Void_nbMainProcessData_t_0,100671600,nbMainProcess
nbMainProcess1_Private_Static_Object_dds3ProcessID_t_0,100671601,nbMainProcess
SetJyocyuData_Private_Static_Void_nbMainProcessData_t_0,100671602,nbMainProcess
FreeJyocyuData_Private_Static_Void_nbMainProcessData_t_0,100671603,nbMainProcess
ClearLocalBit_Private_Static_Void_0,100671604,nbMainProcess
nbMainShutdown_Private_Static_Object_dds3ProcessID_t_0,100671605,nbMainProcess
SetDebugFlag_Private_Static_Void_nbMainProcessData_t_0,100671606,nbMainProcess
nbInitMainProcessData_Private_Static_Object_0,100671607,nbMainProcess
SetFlag_Private_Static_Void_nbMainProcessData_t_0,100671608,nbMainProcess
nbInitMainProcess_Public_Static_Void_Int32_Int32_Int32_Int32_Int32_Int32_0,100671609,nbMainProcess
nbKillMainProcess_Public_Static_Void_0,100671610,nbMainProcess
OnNbOtherCollider_Private_Static_Void_Int32_SteamColliders_SteamCollider_Int32_0,100671611,nbMainProcess
OnNbSelectCollider_Private_Static_Void_Int32_SteamColliders_SteamCollider_Int32_0,100671612,nbMainProcess
OnNbCommSelectCollider_Private_Static_Void_Int32_SteamColliders_SteamCollider_Int32_0,100671613,nbMainProcess
InitNbMouseCallBack_Private_Static_Void_0,100671614,nbMainProcess
RemoveNbMouseCallBack_Private_Static_Void_0,100671615,nbMainProcess
NbAddColliders_Private_Static_Void_0,100671616,nbMainProcess
nbMainProcessSetUp_Private_Static_Boolean_0,100671617,nbMainProcess
GetTargetMark2DCollChild_Public_Static_GameObject_Int32_0,100671618,nbMainProcess
GetTargetMark2DColl_Public_Static_GameObject_0,100671619,nbMainProcess
GetTargetMark2D_Public_Static_GameObject_Int32_0,100671620,nbMainProcess
TargetMark2DAnim_Public_Static_Void_Int32_0,100671621,nbMainProcess
GetHitNum_Public_Static_GameObject_Int32_Int32_0,100671622,nbMainProcess
GetBattleUI_Public_Static_GameObject_Int32_0,100671623,nbMainProcess
nbMainProcessClear_Public_Static_Void_0,100671624,nbMainProcess
BattleUIRead_Public_Static_Void_0,100671625,nbMainProcess
BattleUIPreRead_Public_Static_Void_0,100671626,nbMainProcess
BattleUIDelete_Public_Static_Void_0,100671627,nbMainProcess
_ctor_Public_Void_0,100671629,nbMainProcess
nbAddSkillEffectKoukaPacket_Public_Static_nbKoukaPacket_t_Int32_Int32_Int32_byref_effBTLCutHandle_t_0,100671639,nbMakePacket
nbAddSkillEffectKoukaPacket3_Public_Static_nbKoukaPacket_t_Int32_Int32_Il2CppStructArray_1_Byte_Int32_byref_nbFormation_t_0,100671640,nbMakePacket
nbAddSkillEffectKoukaPacket2_Public_Static_nbKoukaPacket_t_Int32_Int32_Int32_byref_effBTL_t_Int32_byref_nbFormation_t_Int32_0,100671641,nbMakePacket
nbAddSkillEffectKoukaPacket1_Public_Static_nbKoukaPacket_t_Int32_Int32_Int32_byref_effBTLCutHandle_t_0,100671642,nbMakePacket
nbAddHatudoEffectEndPacket_Public_Static_Void_Int32_Int32_0,100671643,nbMakePacket
nbAddHatudoEffectKoukaPacket_Public_Static_nbKoukaPacket_t_Int32_Int32_Int32_byref_nbFormation_t_Int32_Int32_Int32_0,100671644,nbMakePacket
nbAddTargetMoveKoukaPacket_Public_Static_nbKoukaPacket_t_Int32_Int32_Int32_Vector4_Single_0,100671645,nbMakePacket
nbAddHomeMoveKoukaPacket_Public_Static_nbKoukaPacket_t_Int32_Int32_Int32_Single_0,100671646,nbMakePacket
nbAddRotKoukaPacket_Public_Static_nbKoukaPacket_t_Int32_Int32_Int32_Vector4_Int32_0,100671647,nbMakePacket
nbAddUnitColKoukaPacket_Public_Static_nbKoukaPacket_t_Int32_Int32_byref_nbFormation_t_UInt32_Int32_0,100671648,nbMakePacket
nbAddUnitHomeColKoukaPacket_Public_Static_nbKoukaPacket_t_Int32_Int32_byref_nbFormation_t_Int32_0,100671649,nbMakePacket
nbAddUnitAKoukaPacket_Public_Static_nbKoukaPacket_t_Int32_Int32_byref_nbFormation_t_UInt32_Int32_0,100671650,nbMakePacket
nbAddUnitHomeAKoukaPacket_Public_Static_nbKoukaPacket_t_Int32_Int32_byref_nbFormation_t_Int32_0,100671651,nbMakePacket
nbAddSakeKoukaPacket_Public_Static_nbKoukaPacket_t_Int32_Int32_byref_nbFormation_t_0,100671652,nbMakePacket
nbAddMotionStopClearPacket_Public_Static_nbKoukaPacket_t_Int32_Int32_byref_nbFormation_t_0,100671653,nbMakePacket
nbAddMotionKoukaPacket_Public_Static_nbKoukaPacket_t_Int32_Int32_byref_nbFormation_t_Int32_0,100671654,nbMakePacket
nbAddSkillMotionKoukaPacket_Public_Static_nbKoukaPacket_t_Int32_Int32_byref_nbFormation_t_Int32_Int32_Single_0,100671655,nbMakePacket
nbAddDmgMotKoukaPacket_Public_Static_nbKoukaPacket_t_Int32_Int32_byref_nbFormation_t_Single_Int32_0,100671656,nbMakePacket
nbAddEasyDmgMotKoukaPacket_Public_Static_nbKoukaPacket_t_Int32_Int32_byref_nbFormation_t_Single_0,100671657,nbMakePacket
nbAddBadDmgMotKoukaPacket_Public_Static_nbKoukaPacket_t_Int32_Int32_byref_nbFormation_t_Single_Int32_0,100671658,nbMakePacket
nbAddBadMotKoukaPacket_Public_Static_nbKoukaPacket_t_Int32_Int32_byref_nbFormation_t_Int32_0,100671659,nbMakePacket
nbAddReturnKoukaPacket_Public_Static_nbKoukaPacket_t_Int32_Int32_byref_nbParty_t_Int32_0,100671660,nbMakePacket
nbAddSummonKoukaPacket_Public_Static_nbKoukaPacket_t_Int32_Int32_Int32_Int32_Int32_0,100671661,nbMakePacket
nbAddSkillColorOffPacket_Public_Static_nbKoukaPacket_t_Int32_Int32_0,100671662,nbMakePacket
nbAddHitEffKoukaPacket_Public_Static_nbKoukaPacket_t_Int32_Int32_byref_nbFormation_t_Int32_0,100671663,nbMakePacket
nbAddBadEffKaifukuPacket_Public_Static_nbKoukaPacket_t_Int32_Int32_byref_nbFormation_t_0,100671664,nbMakePacket
nbAddBadEffKoukaPacket_Public_Static_nbKoukaPacket_t_Int32_Int32_byref_nbFormation_t_UInt32_0,100671665,nbMakePacket
nbAddNumEffKoukaPacket_Public_Static_nbKoukaPacket_t_Int32_Int32_Int32_byref_nbFormation_t_Int32_Int32_Int32_0,100671666,nbMakePacket
nbAddMojiEffKoukaPacket_Public_Static_nbKoukaPacket_t_Int32_Int32_Int32_byref_nbFormation_t_Int32_0,100671667,nbMakePacket
nbAddHpMpKoukaPacket_Public_Static_nbKoukaPacket_t_Int32_Int32_byref_nbFormation_t_Int32_Int32_0,100671668,nbMakePacket
nbAddPressPacket_Public_Static_nbKoukaPacket_t_Int32_Int32_Single_0,100671669,nbMakePacket
nbAddNewPressPacket_Public_Static_nbKoukaPacket_t_Int32_Int32_Int32_Int32_0,100671670,nbMakePacket
nbAddBadStatKoukaPacket_Public_Static_nbKoukaPacket_t_Int32_Int32_byref_nbFormation_t_UInt32_Int32_0,100671671,nbMakePacket
nbAddBadMotKaifukuPacket_Public_Static_nbKoukaPacket_t_Int32_Int32_byref_nbFormation_t_0,100671672,nbMakePacket
nbAddDeadPcmPacket_Public_Static_nbKoukaPacket_t_Int32_Int32_byref_nbFormation_t_0,100671673,nbMakePacket
nbAddSePacket_Public_Static_nbKoukaPacket_t_Int32_Int32_UInt32_0,100671674,nbMakePacket
nbAddSePacket2_Public_Static_nbKoukaPacket_t_Int32_Int32_UInt32_0,100671675,nbMakePacket
nbAddHitStopPacket_Public_Static_nbKoukaPacket_t_Int32_Int32_0,100671676,nbMakePacket
nbAddAnalyzePacket_Public_Static_nbKoukaPacket_t_Int32_Int32_byref_nbFormation_t_0,100671677,nbMakePacket
nbAddJyokyoHelpPacket_Public_Static_nbKoukaPacket_t_Int32_Int32_Int32_Int32_Int32_0,100671678,nbMakePacket
nbAddSkillNamePacket_Public_Static_nbKoukaPacket_t_Int32_Int32_Int32_0,100671679,nbMakePacket
nbAddFormOnOffPacket_Public_Static_nbKoukaPacket_t_Int32_Int32_byref_nbFormation_t_Int32_0,100671680,nbMakePacket
nbAddFormFlagOnOffPacket_Public_Static_nbKoukaPacket_t_Int32_Int32_byref_nbFormation_t_Int32_UInt32_0,100671681,nbMakePacket
nbAddFlyKoukaPacket_Public_Static_nbKoukaPacket_t_Int32_Int32_byref_nbFormation_t_0,100671682,nbMakePacket
nbAddOngBunshin2Packet_Public_Static_nbKoukaPacket_t_Int32_Int32_byref_nbFormation_t_byref_nbFormation_t_byref_nbFormation_t_byref_nbFormation_t_0,100671683,nbMakePacket
nbAddOngOutPacket_Public_Static_nbKoukaPacket_t_Int32_Int32_byref_nbFormation_t_0,100671684,nbMakePacket
nbAddOngOut2Packet_Public_Static_nbKoukaPacket_t_Int32_Int32_byref_nbFormation_t_0,100671685,nbMakePacket
nbAddDeadEventKoukaPacket_Public_Static_nbKoukaPacket_t_Int32_Int32_byref_nbFormation_t_Int32_0,100671686,nbMakePacket
nbAddFadeOutKoukaPacket_Public_Static_nbKoukaPacket_t_Int32_Int32_Int32_Int32_0,100671687,nbMakePacket
nbAddFadeInKoukaPacket_Public_Static_nbKoukaPacket_t_Int32_Int32_Int32_Int32_0,100671688,nbMakePacket
nbAddHojoKoukaPacket_Public_Static_nbKoukaPacket_t_Int32_Int32_byref_nbFormation_t_UInt32_Int32_0,100671689,nbMakePacket
nbAddFlareChargePacket_Public_Static_nbKoukaPacket_t_Int32_Int32_Int32_0,100671690,nbMakePacket
nbAddPadShockPacket_Public_Static_nbKoukaPacket_t_Int32_Int32_Int32_Int32_Int32_0,100671691,nbMakePacket
nbAddPanelStockFadeOutPacket_Public_Static_Void_Int32_Int32_0,100671692,nbMakePacket
nbAddPanelStockEndPacket_Public_Static_Void_Int32_Int32_0,100671693,nbMakePacket
nbMakeSummonPacket_Public_Static_Int32_Int32_Int32_Int32_Int32_Int32_0,100671694,nbMakePacket
nbMakeReturnPacket_Public_Static_Int32_Int32_Int32_byref_nbParty_t_0,100671695,nbMakePacket
nbMakeUnitFadeInPacket_Public_Static_Int32_Int32_Int32_byref_nbFormation_t_UInt32_Int32_Int32_Int32_0,100671696,nbMakePacket
nbMakeUnitFadeOutPacket_Public_Static_Int32_Int32_Int32_byref_nbFormation_t_UInt32_Int32_Int32_Int32_0,100671697,nbMakePacket
nbMakeDeadVisualPacket_Public_Static_Int32_Int32_Int32_byref_nbFormation_t_Int32_Int32_0,100671698,nbMakePacket
nbMakeDamagePacket_Public_Static_Int32_Int32_Int32_byref_nbFormation_t_Int32_Int32_Int32_Int32_Int32_Int32_Int32_Int32_Int32_0,100671699,nbMakePacket
nbMakeKaifukuPacket_Public_Static_Int32_Int32_Int32_byref_nbFormation_t_Int32_Int32_Int32_UInt32_0,100671700,nbMakePacket
nbMakeDeadPacket_Public_Static_Int32_Int32_Int32_byref_nbFormation_t_Int32_0,100671701,nbMakePacket
nbMakePressPacket_Public_Static_Int32_Int32_Int32_Single_0,100671702,nbMakePacket
nbMakeNewPressPacket_Public_Static_Int32_Int32_Int32_Int32_byref_nbFormation_t_0,100671703,nbMakePacket
nbMakeFlyBadPacket_Public_Static_Int32_Int32_Int32_byref_nbFormation_t_0,100671704,nbMakePacket
nbMakeBadDamagePacket_Public_Static_Int32_Int32_Int32_byref_nbFormation_t_UInt32_0,100671705,nbMakePacket
nbMakeBadKaifukuPacket_Public_Static_Int32_Int32_Int32_byref_nbFormation_t_0,100671706,nbMakePacket
nbMakeUnitMoveGetCyDist_Public_Static_Single_byref_nbFormation_t_byref_nbFormation_t_0,100671707,nbMakePacket
nbMakeUnitMovePacket_Public_Static_Int32_Int32_Int32_byref_nbFormation_t_UInt32_Int32_Single_0,100671708,nbMakePacket
nbMakeNegoWorkPosPacket_Public_Static_Int32_Int32_Int32_byref_nbFormation_t_byref_nbFormation_t_0,100671709,nbMakePacket
nbMakeNegoBackPacket_Public_Static_Int32_Int32_Int32_byref_nbFormation_t_byref_nbFormation_t_0,100671710,nbMakePacket
nbMakeNegoForwardPacket_Public_Static_Int32_Int32_Int32_byref_nbFormation_t_byref_nbFormation_t_0,100671711,nbMakePacket
nbPnlTexSet_Private_Static_Void_nbMainProcessData_t_0,100672274,nbPanelProcess
nbPnlTexDel_Private_Static_Void_nbMainProcessData_t_0,100672275,nbPanelProcess
nbPnl_rsetTest_Public_Static_Void_Int32_Int32_Int32_Int32_Int32_Int32_Int32_Int32_0,100672276,nbPanelProcess
nbPnl_rsetAlpha_Public_Static_Void_Int32_0,100672277,nbPanelProcess
nbPanelBaseColorSet_Private_Static_Void_UInt32_0,100672278,nbPanelProcess
nbPanelAllShow_Public_Static_Void_0,100672279,nbPanelProcess
nbPanelAllHide_Public_Static_Void_0,100672280,nbPanelProcess
nbPanelHPColor_Public_Static_Int32_datUnitWork_t_0,100672281,nbPanelProcess
nbPanelMPColor_Public_Static_Int32_datUnitWork_t_0,100672282,nbPanelProcess
nbPanelDrawPP0_Private_Static_Void_Int32_Int32_nbMainProcessData_t_Int32_0,100672283,nbPanelProcess
PnlAnim_Private_Static_Void_Animator_String_Int32_0,100672284,nbPanelProcess
nbPanelDrawPP1_Private_Static_Void_Int32_Int32_Int32_Int32_Int32_Int32_nbMainProcessData_t_Boolean_0,100672285,nbPanelProcess
nbPanelDrawPP_Private_Static_Void_Int32_Int32_Int32_UInt32_UInt32_Int32_0,100672286,nbPanelProcess
nbPanelPressTurnGaugeAnimStart_Private_Static_Void_0,100672287,nbPanelProcess
nbPanelPressGaugeInit_Private_Static_Void_0,100672288,nbPanelProcess
nbPanelPressGaugeStart_Public_Static_Void_0,100672289,nbPanelProcess
nbPanelPressGaugeShow_Public_Static_Void_0,100672290,nbPanelProcess
nbPanelPressGaugeHide_Public_Static_Void_0,100672291,nbPanelProcess
nbPanelPressGaugeEncountHide_Public_Static_Void_0,100672292,nbPanelProcess
nbPanelPressGauge_Public_Static_Void_nbMainProcessData_t_0,100672293,nbPanelProcess
nbPanelPressTurnInit_Private_Static_Void_0,100672294,nbPanelProcess
nbPanelPressTurnRun_Public_Static_Int32_0,100672295,nbPanelProcess
nbPanelPressTurnGaugeRun_Public_Static_Int32_0,100672296,nbPanelProcess
nbPanelPressTurnOmit_Public_Static_Void_0,100672297,nbPanelProcess
nbPanelPressTurnStart_Public_Static_Void_0,100672298,nbPanelProcess
NBPANEL_PTP_CX_Private_Static_Int32_nbPanelXYZ_t_0,100672299,nbPanelProcess
NBPANEL_PTP_CY_Private_Static_Int32_nbPanelXYZ_t_0,100672300,nbPanelProcess
nbPanelPressTurn_Private_Static_Void_nbMainProcessData_t_0,100672301,nbPanelProcess
nbPanelPartySelect_Public_Static_Void_nbMainProcessData_t_0,100672302,nbPanelProcess
nbPanelStockInit_Private_Static_Void_0,100672303,nbPanelProcess
nbPanelStockCheckRun_Public_Static_Int32_0,100672304,nbPanelProcess
nbPanelStockEnd_Public_Static_Void_0,100672305,nbPanelProcess
nbPanelStockHide_Public_Static_Void_0,100672306,nbPanelProcess
nbPanelStockFadeOUT_Public_Static_Void_0,100672307,nbPanelProcess
nbPanelStockSelectInit_Public_Static_Void_0,100672308,nbPanelProcess
StkSelDisp_Private_Static_Void_Boolean_0,100672309,nbPanelProcess
PnlColorSet_Private_Static_Void_Int32_0,100672310,nbPanelProcess
MouseStockPanelCursorMove_Private_Static_Void_0,100672311,nbPanelProcess
nbPanelStockSelectCtrl_Private_Static_UInt32_nbMainProcessData_t_0,100672312,nbPanelProcess
nbPanelStockSelect_Public_Static_UInt32_nbMainProcessData_t_UInt32_0,100672313,nbPanelProcess
nbPanelDrawPPnon_Private_Static_Void_Int32_0,100672314,nbPanelProcess
nbPanelAnalyzeInit_Private_Static_Void_0,100672315,nbPanelProcess
nbPanelAnalyzeStart_Public_Static_Void_0,100672316,nbPanelProcess
nbPanelAnalyzeEnd_Public_Static_Void_0,100672317,nbPanelProcess
nbPanelAnalyzeDraw_Public_Static_Void_datUnitWork_t_0,100672318,nbPanelProcess
nbPanelAnalyzeRun_Private_Static_Void_0,100672319,nbPanelProcess
nbPanelAutoShow_Public_Static_Void_0,100672320,nbPanelProcess
nbPanelAutoHide_Public_Static_Void_0,100672321,nbPanelProcess
nbPanelAutoCheckShow_Public_Static_Int32_0,100672322,nbPanelProcess
nbPanelAutoInit_Private_Static_Void_0,100672323,nbPanelProcess
nbPanelAuto_Private_Static_Void_nbMainProcessData_t_0,100672324,nbPanelProcess
nbPanelDraw_Public_Static_Void_Int32_0,100672325,nbPanelProcess
nbPanelRunProcess_Private_Static_Object_dds3ProcessID_t_0,100672326,nbPanelProcess
nbPanelPartyShow_Public_Static_Void_0,100672327,nbPanelProcess
nbPanelPartyHide_Public_Static_Void_0,100672328,nbPanelProcess
nbPanelPartyDraw_Public_Static_Void_0,100672329,nbPanelProcess
nbPanelDrawProcess_Private_Static_Object_dds3ProcessID_t_0,100672330,nbPanelProcess
nbPanelShutdown_Private_Static_Object_dds3ProcessID_t_0,100672331,nbPanelProcess
nbInitPanelProcess_Public_Static_Void_nbMainProcessData_t_0,100672332,nbPanelProcess
nbPanelFlashInit_Public_Static_Void_byref_nbPanelFlashData_t_Single_Single_UInt32_UInt32_Int32_Int32_0,100672333,nbPanelProcess
nbPanelFlashRGBAMulti_Private_Static_UInt32_UInt32_UInt32_0,100672334,nbPanelProcess
nbPanelFlashDraw_Public_Static_Void_byref_nbPanelFlashData_t_UInt32_0,100672335,nbPanelProcess
nbPanelPolygonFlashDrawUnity_Private_Static_Void_GameObject_Int32_Int32_Int32_Int32_Single_Single_UInt32_UInt32_0,100672336,nbPanelProcess
HPMPBarAdjustment_Public_Static_Single_Single_Single_Single_0,100672337,nbPanelProcess
nbTurnPBInitSetting_Public_Static_Void_0,100672338,nbPanelProcess
nbResetTurnSetAnimKeepState_Public_Static_Void_0,100672339,nbPanelProcess
_ctor_Public_Void_0,100672341,nbPanelProcess
_ctor_Public_Void_0,100672342,nbPanelProcess
